0,1,2,3,4
신승민,,,촬영팀,보이스|스웨그|앙상블|젊은이의 양지|욕창|야구소녀|저 산 너머|성혜의 나라|극한직업
정윤상,,,제작팀,싱크홀|시동|극한직업|침묵|청년경찰|최종병기 활|돌아오는 길|폭풍전야|보트|세븐 데이즈|마강호텔|피터팬의 공식|파랑주의보|잠복근무|순환선
강경근,KANG Kyoung-geun,KANG Kyoung-geun,조명,쇼미더고스트|내일의 기억|소리도 없이|런 보이 런|프랑스여자|저 산 너머|남산의 부장들|유열의 음악앨범|극한직업|창궐|명당|박화영|마약왕|너의 결혼식|택시운전사|가려진 시간|미씽: 사라진 여자|대배우|내부자들|검은 사제들|코인라커|헬머니|기술자들|잉투기|공범|바람과 함께 사라지다|차형사|시체가 돌아왔다|챔프|가문의 영광4 - 가문의 수난|고死 두 번째 이야기: 교생실습|서서 자는 나무|용서는 없다|4교시 추리영역|여고괴담 5
김성종,KIM Seong-jong,KIM Seong-jong,액션/스턴트팀,"방법: 재차의|반도|피원에이치 : 새로운 세계의 시작 |오케이 마담|강철비2: 정상회담|#살아있다|얼굴없는 보스: 못다한 이야기 감독판|천문: 하늘에 묻는다|백두산|시동|얼굴없는 보스|퍼펙트맨|나쁜 녀석들: 더 무비|광대들: 풍문조작단|봉오동 전투|엑시트|기생충|악인전|클로젯|걸캅스|나의 특별한 형제|뺑반|극한직업|PMC: 더 벙커|성난황소|인랑|마약왕|어른도감|공작|신과함께-인과 연|독전|골든슬럼버|염력|그것만이 내 세상|강철비|기억의 밤|7호실|미옥|남한산성|범죄도시|브이아이피|군함도|악녀|대립군|불한당: 나쁜 놈들의 세상|보안관|원라인|프리즌|그래, 가족|조작된 도시|마스터|아수라|밀정|부산행|난폭한 기록|미씽: 사라진 여자|나는 증인이다|검사외전|대호|검은 사제들|더 폰|암살|권법형사 : 차이나타운|순수의 시대|베테랑|무뢰한|차이나타운|기술자들|빅매치|타짜-신의 손|해무(海霧)|신의 한 수|황제를 위하여|군도: 민란의 시대|남자가 사랑할 때|화이: 괴물을 삼킨 아이|감기|파파로티|베를린|도둑들|가비"
박영무,YINGWU,YINGWU,특수분장,"인질|모가디슈|방법: 재차의|오! 문희|반도|서복|다만 악에서 구하소서|#살아있다|백두산|봉오동 전투|기생충|악인전|클로젯|악질경찰|돈|우상|사바하|뺑반|극한직업|말모이|PMC: 더 벙커|성난황소|명당|협상|안시성|상류사회|인랑|마녀|7년의 밤|마약왕|암수살인|물괴|공작|신과함께-인과 연|독전|치즈인더트랩|골든슬럼버|조선명탐정: 흡혈괴마의 비밀|염력|그것만이 내 세상|1987|신과함께-죄와 벌|강철비|미옥|대장 김창수|브이아이피|택시운전사|군함도|하루|대립군|석조저택 살인사건|살인자의 기억법|불한당: 나쁜 놈들의 세상|보안관|임금님의 사건수첩|조작된 도시|마스터|목숨 건 연애|판도라|아수라|밀정|터널|덕혜옹주|부산행|아가씨|곡성|탐정 홍길동: 사라진 마을|미씽: 사라진 여자|비밀은 없다|해어화|검사외전|로봇, 소리|오빠생각|대호|히말라야|내부자들|검은 사제들|암살|간신|경성학교: 사라진 소녀들|살인의뢰|조선명탐정 : 사라진 놉의 딸|강남 1970|허삼관|마담 뺑덕"
강영묵,KANG Young-muk,KANG Young-muk,액션/스턴트팀,"나쁜 녀석들: 더 무비|뺑반|극한직업|PMC: 더 벙커|성난황소|마약왕|신과함께-인과 연|염력|강철비|미옥|범죄도시|남한산성|브이아이피|대립군|불한당: 나쁜 놈들의 세상|아수라|난폭한 기록|대호|암살|제 7기사단|베테랑|내 심장을 쏴라|황제를 위하여|군도: 민란의 시대|스톤|더 웹툰: 예고살인|전설의 주먹|신세계|베를린|내가 살인범이다|미쓰GO|범죄와의 전쟁: 나쁜놈들 전성시대|황해|부당거래|악마를 보았다|좋은 놈, 나쁜 놈, 이상한 놈 |강철중: 공공의 적 1-1|다찌마와리|우아한 세계|중천|뚝방전설|괴물|한반도|공공의 적 2|실미도"
송민석,SONG Min-seok,SONG Min-seok,액션/스턴트팀,"인질|방법: 재차의|모가디슈|어른들은 몰라요|소리도 없이|반도|결백|백두산|시동|감쪽같은 그녀|버티고|퍼펙트맨|타짜: 원 아이드 잭|나쁜 녀석들: 더 무비|광대들: 풍문조작단|봉오동 전투|롱 리브 더 킹: 목포 영웅|악인전|클로젯|진범|돈|뺑반|극한직업|PMC: 더 벙커|출국|인랑|7년의 밤|마약왕|지금 만나러 갑니다|염력|강철비|미옥|범죄도시|브이아이피|악녀|살인자의 기억법|불한당: 나쁜 놈들의 세상|원라인|프리즌|그래, 가족|조작된 도시|마스터|스플릿|아수라|고산자, 대동여지도|밀정|터널|덕혜옹주|부산행|아가씨|곡성|난폭한 기록|희생부활자|비밀은 없다|검사외전|대호|극적인 하룻밤|검은 사제들|더 폰|비밀|성난 변호사|암살|은밀한 유혹|순수의 시대|베테랑|쎄시봉|내 심장을 쏴라|오늘의 연애|기술자들|타짜-신의 손|해무(海霧)|신의 한 수|황제를 위하여|우는 남자|피크닉|군도: 민란의 시대|보호자|플랜맨|화이: 괴물을 삼킨 아이|감시자들|도둑들|가비|오직 그대만|카운트다운|푸른소금|헬로우 고스트|황해|초능력자|해결사|비밀애|전우치|펜트하우스 코끼리|마더|우리 집에 왜 왔니|키친|박쥐|슬리핑 뷰티|다찌마와리|가면|권순분여사 납치사건|두 사람이다|챔피언 마빡이|바람피기 좋은 날|우아한 세계|조용한 세상|사랑 따윈 필요 없어|아파트|강적|방과후 옥상|작업의 정석|야수와 미녀|공공의 적 2|주먹이 운다(Crying Fist)|아는 여자|실미도|스캔들-조선남녀상열지사"
차상도,,,액션/스턴트팀,인질|방법: 재차의|액션히어로|반도|천문: 하늘에 묻는다|나쁜 녀석들: 더 무비|광대들: 풍문조작단|변신|봉오동 전투|엑시트|롱 리브 더 킹: 목포 영웅|뺑반|극한직업|말모이|PMC: 더 벙커|스윙키즈|성난황소|인랑|마약왕|공작|신과함께-인과 연|지금 만나러 갑니다|염력|강철비|미옥|범죄도시|남한산성|군함도|대립군|불한당: 나쁜 놈들의 세상
김재훈,,,조명,"귀문|극한직업|올리고당 더 무비|더 폰|마담 뺑덕|마이 리틀 히어로|강철대오:구국의 철가방|나는 왕이로소이다|페이스메이커|심장이 뛰네|시크릿|핸드폰|미쓰 홍당무|고死 : 피의 중간고사|무림여대생|흑심모녀|싸움|만남의 광장|파란자전거|복면달호|언니가 간다|가을로|내 청춘에게 고함|청연|파랑주의보|소년, 천국에 가다|가문의 위기(가문의 영광2)|만번의긍정"
이준석,,,촬영팀,보이스|방법: 재차의|블랙머니|양자물리학|악인전|우상|극한직업|도어락|성난황소|창궐|너의 결혼식|바람 바람 바람|터널|해피 에로 크리스마스|맛있는 섹스 그리고 사랑|오아시스
김영호,,,사운드믹싱,"낫아웃|간이역|소리도 없이|제인의 썸머|테우리|해치지않아|나를 찾아줘|두번할까요|어린 의뢰인|다시, 봄|우상|극한직업|소녀의 세계|독전|청년경찰|다시 태어나도 우리|싱글라이더|다른 길이 있다|럭키|내부자들|성난 변호사|뷰티 인사이드|꿈보다 해몽|못|원 컷 - 어느 친절한 살인자의 기록|표적|신이 보낸 사람|피크닉|무명인|잉투기|지슬 - 끝나지 않은 세월2|MB의 추억|해로 (偕老)|핑크|태어나서 미안해|가시|밍크코트|결정적 한방|푸른소금|7광구|청춘그루브|열여덟, 열아홉|고래를 찾는 자전거|달빛 길어올리기|돌이킬 수 없는|소와 함께 여행하는 법|방가? 방가!|내 깡패 같은 애인|세리와 하르|무림여대생|처음 만난 사람들|동거, 동락|상사부일체|화려한 휴가|파란자전거|극락도 살인사건|천년학|뷰티풀 선데이|전설의 고향|조폭마누라3|연애, 그 참을 수 없는 가벼움|원탁의 천사|고백|이빨 두 개|평범한 날들"
신세희,,,VFX 아티스트,"자전차왕 엄복동|극한직업|성난황소|마약왕|기억의 밤|범죄도시|가려진 시간|집으로 가는 길|배우는 배우다|감시자들|이별계약|몽타주|스파이|누구나 제 명에 죽고 싶다|타워|용의자X|광해, 왕이 된 남자|5백만불의 사나이|오싹한 연애|티끌모아 로맨스|커플즈|완득이|퀵|써니"
신경훈,SHIN Gyeong-hun,SHIN Gyeong-hun,대사,"싱크홀|액션히어로|담보|우리를 갈라놓는 것들|나를 찾아줘|두번할까요|어린 의뢰인|메기|사범|보희와 녹양|다시, 봄|우상|극한직업|내안의 그놈|언니|뷰티풀 데이즈|해피 투게더|양아치 느와르|여중생A|아메리카 타운|나비잠|살아남은 아이|어른도감|엄마의 공책|B급 며느리|채비|려행|아기와 나|중독노래방|꿈의 제인|그래, 가족|대결|우주의 크리스마스|글로리데이|무수단|잡아야 산다|나도 때론 포르노그라피의 주인공이고 싶다|응징자|피에타|코리아|간기남|댄싱퀸|티끌모아 로맨스|통증|웨딩드레스|죽이고 싶은|컴 투게더|레디액션 청춘"
정수현,JUNG Soo-hyun,JUNG Soo-hyun,VFX 슈퍼바이저,"비와 당신의 이야기|다만 악에서 구하소서|해치지않아|속물들|신의 한 수: 귀수편|퍼펙트맨|배심원들|돈|극한직업|명당|리틀 포레스트|공작|흥부: 글로 세상을 바꾼 자|살인자의 기억법|리얼|혼숨|미씽: 사라진 여자|특별수사: 사형수의 편지|해어화|널 기다리며|히야|남과 여|어떤살인|위험한 상견례 2|헬머니|국제시장|명량|의궤, 8일간의 축제 3D|조선미녀삼총사|뫼비우스|더 테러 라이브|뜨거운 안녕|파파로티|더 웹툰: 예고살인|미나문방구|전설의 주먹|사이코메트리|반창꼬|차이나 블루|피에타|청포도 사탕: 17년 전의 약속|공모자들|간기남|파파|너는 펫|Mr.아이돌|오직 그대만|최종병기 활|오빠가 돌아왔다|나탈리|인사동 스캔들|인류멸망 보고서"
박세영,,,제작관리,국제수사|신의 한 수: 귀수편|나쁜 녀석들: 더 무비|걸캅스|극한직업
김현지,,,홍보/마케팅 진행,"발신제한|백두산|신의 한 수: 귀수편|나쁜 녀석들: 더 무비|엑시트|클로젯|걸캅스|극한직업|공조|고산자, 대동여지도|인천상륙작전|빅뱅 메이드|번개맨|사이코메트리"
김민정,,,미술팀,싱크홀|봉오동 전투|차인표|악질경찰|극한직업|창궐|죄 많은 소녀|곡성|오빠생각
김자경,,,VFX 아티스트,"방법: 재차의|자전차왕 엄복동|극한직업|성난황소|마약왕|곤지암|기억의 밤|유리정원|범죄도시|인천상륙작전|희생부활자|다이노 타임|퀵|헤드|써니|사랑한다, 사랑하지 않는다|여의도|초능력자|파괴된 사나이|친정엄마|하모니|용서는 없다|백야행|내 사랑 내 곁에|애자|허기"
황인희,,,투자,방법: 재차의|발신제한|극한직업
송영규,SONG Yeong-gyu,SONG Yeong-gyu,배우,강릉|수색자|킬링톡|창애 (짐승잡는 덫)|균|야구소녀|프랑스여자|극한직업|하프|굿모닝 프레지던트
윤슬기,,,분장팀,쇼미더고스트|턴: 더 스트릿|정직한 후보|극한직업|창궐|물괴|꾼|이웃집 스타|박열|스플릿|실종: 사라진아내|삼례|미션: 톱스타를 훔쳐라|터널 3D|내가 살인범이다|내 머리 속의 지우개
김승우,,,촬영팀,봉오동 전투|극한직업|마녀|염력|연기왕
류제윤,Ryoo Jeyoon,Ryoo Jeyoon,배우,공포체험단 곤지암편|극한직업|히치하이크|곤지암
안기성,AN Ki-sung,AN Ki-sung,폴리,
이민섭,LEE Min-seob,LEE Min-seob,폴리,"낫아웃|파이프라인|혼자 사는 사람들|좋은 사람|어른들은 몰라요|간이역|스트레스 제로|스웨그|소리도 없이|극장판 미니특공대: 햄버거괴물의 습격|비밀의 정원|밥정|야구소녀|찬실이는 복도 많지|해치지않아|나를 찾아줘|사선의 끝|어린 의뢰인|악몽|호흡|웃는남자 감독판|앵커|어멍|메기|밤의 문이 열린다|다시, 봄|막다른 골목의 추억|선희와 슬기|우상|극한직업|내안의 그놈|소녀의 세계|해피 투게더|1991, 봄|뷰티풀 뱀파이어|대관람차|속닥속닥|여중생A|아빠는 예쁘다|히치하이크|메이트|살아남은 아이|어른도감|튼튼이의 모험|독전|채비|내게 남은 사랑을|이웃집 스타|여배우는 오늘도|포크레인|파란나비효과|쇠파리|보통사람|인어전설|마중: 커피숍 난동 수다 사건|운동회|누에치던 방|해피뻐스데이|사월의 끝|파밍 보이즈|꿈의 제인|마차 타고 고래고래|아티스트: 다시 태어나다|루시드 드림|사랑받지 못한 여자|위켄즈|비치온더비치|커튼콜|혼숨|물숨|대결|그랜드파더|작은 형|짐작보다 따뜻하게|사돈의 팔촌|스틸 플라워|블랙스톤|일어서는 인간|설행_눈길을 걷다|동주|파리의 한국남자|대호|늙은 자전거|치외법권|협녀, 칼의 기억|성난 화가|순수의 시대|프랑스 영화처럼|들꽃|성실한 나라의 앨리스|위로공단|손님|한여름의 판타지아|조류인간|덕수리 5형제|누구에게나 찬란한|맨홀|신이 보낸 사람|막걸스|하늘의 황금마차|무명인|배우는 배우다|잉투기|지슬 - 끝나지 않은 세월2|MB의 추억|차형사|밍크코트|결정적 한방|푸른소금|헤드|청춘그루브|혜화, 동|만추|계몽영화|비밀애|아빠가 여자를 좋아해|비상|물 좀 주소|약탈자들|7급 공무원|장례식의 멤버|순정만화|색다른 동거|죽어도 해피엔딩|과대망상자들|It's Real|레디액션 청춘|시선 1318"
엄용흠,,,발전차,"혼자 사는 사람들|서복|천문: 하늘에 묻는다|나를 찾아줘|롱 리브 더 킹: 목포 영웅|극한직업|인랑|바람 바람 바람|그것만이 내 세상|군함도|공조|아수라|대역전|시간이탈자|대호|검은 사제들|스물|쎄시봉|마담 뺑덕|슬로우 비디오|제보자|하이힐|끝까지 간다|몬스터|피끓는 청춘|용의자|집으로 가는 길|감기|공모자들|하울링|완득이|흉터|의뢰인|글러브|페스티발|이끼|파괴된 사나이|시|평행이론|주유소 습격사건 2|시크릿|불신지옥|작전|로맨틱 아일랜드|모던보이|슈퍼맨이었던 사나이|기다리다 미쳐|싸움|아들|포도나무를 베어라|언니가 간다|오래된 정원|거룩한 계보|아랑|비열한 거리|피터팬의 공식|엄마 찾아 삼만리|태풍태양|귀여워|주홍글씨|얼굴 없는 미녀|여자는 남자의 미래다|맹부삼천지교|사마리아|말죽거리 잔혹사|영어완전정복|중독|좋은사람있으면 소개시켜줘|일단뛰어|결혼은, 미친짓이다|봄날은 간다|별 모양의 얼룩|인류 멸망 보고서 '멋진 신세계'"
김영민,,,촬영팀,"파이프라인|혼자 사는 사람들|디바|검객|아이즈 온 미 : 더 무비|시동|나쁜 녀석들: 더 무비|크게 될 놈|극한직업|소녀의 세계|원더풀 고스트|곤지암|부라더|당신, 거기 있어줄래요|봉이 김선달|작은 형|그놈이다|서부전선|설인|가시|얼음강|원나잇 온리|어떤 시선"
이홍기,,,조명팀,브라더|어른들은 몰라요|담보|모든 걸 걸었어 |극한직업
김지민,,,DI팀,"괴기맨숀|당신얼굴 앞에서|구원|내가 죽던 날|호텔 레이크|길|요가학원 : 죽음의 쿤달리니|죽지않는 인간들의 밤|불량한 가족|프랑스여자|얼굴없는 보스: 못다한 이야기 감독판|저 산 너머|그녀의 비밀정원|서치 아웃|얼굴없는 보스|두번할까요|어멍|사범|0.0MHz|다시, 봄|강변호텔|자전차왕 엄복동|극한직업|내안의 그놈|리벤져|하나식당|여곡성|동네사람들|원더풀 고스트|양아치 느와르|식구|여중생A|데자뷰|아버지를 찾아서|비밥바룰라|치즈인더트랩|그것만이 내 세상|채비|내게 남은 사랑을|폭력의 씨앗|구세주: 리턴즈|로마의 휴일|컴, 투게더|탐하다: 욕망의 섬|왕을 참하라|그대 이름은 장미|미스 푸줏간|중독노래방|마차 타고 고래고래|아빠는 딸|루시드 드림|그래, 가족|사랑하기 때문에|커튼콜|두 남자|형|시소|착한아내|대결|올레|챌린지 게임|트릭|사냥|가을 우체국|원나잇스탠드|다른 길이 있다|흔들리는 물결|우주의 크리스마스|캠핑|히야|널 기다리며|무수단|좋아해줘|번개맨|P.S. 걸|울보|내 친구의 아내|세상끝의 사랑|나도 때론 포르노그라피의 주인공이고 싶다|어떤살인|미안해 사랑해 고마워|션샤인 러브|치외법권|퇴마: 무녀굴|마님|권법형사 : 차이나타운|젊은엄마 : 내 나이가 어때서|검은손|스피드|사랑이 이긴다|오늘영화|경성학교: 사라진 소녀들|따라지 : 비열한 거리|스물|꿈보다 해몽|조선명탐정 : 사라진 놉의 딸|화끈한 써비스: 어느 잔인한 미용사의|꽃보다 처녀귀신|고양이 장례식|사토미를 찾아라|레쓰링|극장판 뛰뛰빵빵 구조대 미션: 둥둥이를 구하라!|창수|세계일주|철가방 우수氏|개들의 전쟁|터치|바람과 함께 사라지다|연가시|두 번의 결혼식과 한 번의 장례식|아부의 왕|두레소리|가비|나는 공무원이다|철암 계곡의 혈투|다른나라에서|미확인 동영상 : 절대클릭금지|태어나서 미안해|러브픽션|하울링|부러진 화살|밍크코트|원더풀 라디오|퍼펙트 게임|결정적 한방|완벽한 파트너|의뢰인|챔프|통증|블라인드|기생령|고지전|평양냉면|무서운 이야기"
임형규,,,제작팀,69세|결백|감쪽같은 그녀|뺑반|극한직업|스윙키즈|암수살인
신선미,,,헤어팀,장르만 로맨스|턴: 더 스트릿|침입자|나쁜 녀석들: 더 무비|극한직업|머니백
허진찬,,,발전차,"여고괴담 여섯번째 이야기 : 모교|미션 파서블|피원에이치 : 새로운 세계의 시작 |천문: 하늘에 묻는다|나를 찾아줘|롱 리브 더 킹: 목포 영웅|악인전|왓칭|뮤직 앤 리얼리티 |돌멩이|지푸라기라도 잡고 싶은 짐승들|너의 여자친구|다시, 봄|극한직업|성난황소|창궐|상류사회|인랑|박화영|마약왕|바람 바람 바람|지금 만나러 갑니다|골든슬럼버|그것만이 내 세상|성판17: 남자들의 17가지 성적 판타지|7호실|청년경찰|택시운전사|군함도|악녀|휴게소|재심|공조|목숨 건 연애|인천상륙작전|사냥|전설의 고향|시간이탈자|내부자들|어떤살인|협녀, 칼의 기억|무뢰한|스물|강남 1970|오늘의 연애|슬로우 비디오|마담 뺑덕|제보자|좋은 친구들|경주|역린|몬스터|용의자|집으로 가는 길|완전 소중한 사랑|동창생|내가 살인범이다|네버엔딩 스토리|최종병기 활|사랑한다, 사랑하지 않는다|무서운 이야기 '콩쥐 팥쥐'|무서운 이야기2 '사고'"
육경범,,,그립,미션 파서블|극한직업
황계혁,,,그립,미션 파서블|아워 바디|극한직업|플레이 걸
박재웅,,,촬영팀,비와 당신의 이야기|미션 파서블|야구소녀|히트맨|남산의 부장들|두번할까요|사자|극한직업|국가부도의 날|물괴|지금 만나러 갑니다|청년경찰|임금님의 사건수첩|비정규직 특수요원|가려진 시간|해어화|남과 여|내부자들|악의 연대기|사랑이 이긴다|내 심장을 쏴라|제보자|경주
윤대원,YOON Dae-won,YOON Dae-won,특수효과,"싱크홀|CCTV|빛나는 순간|비와 당신의 이야기|소리꾼|해치지않아|신의 한 수: 귀수편|82년생 김지영|두번할까요|롱 리브 더 킹: 목포 영웅|유정 - 스며들다|극한직업|PMC: 더 벙커|창궐|안시성|상류사회|탐정: 리턴즈|리틀 포레스트|마약왕|살아남은 아이|신과함께-인과 연|신과함께-죄와 벌|메소드|범죄도시|아이 캔 스피크|귀향, 끝나지 않은 이야기|용순|특별시민|루시드 드림|스플릿|밀정|그랜드파더|봉이 김선달|사냥|폭력의 법칙: 나쁜 피 두 번째 이야기|럭키|시간이탈자|날, 보러와요|널 기다리며|귀향|로봇, 소리|나를 잊지 말아요|내부자들|그놈이다|성난 변호사|간신|악의 연대기|순수의 시대|라이브 TV|성실한 나라의 앨리스|소셜포비아|오늘의 연애|상의원|빅매치|제보자|두근두근 내 인생|터널 3D|피해자들|경주|우는 남자|도희야|야간비행|명량|한공주|열한시|밤의 여왕|더 테러 라이브|은밀하게 위대하게|좋은 친구들 |남자사용설명서|타워|나의 PS 파트너 |백야|늑대소년|광해, 왕이 된 남자|공모자들|내 아내의 모든 것|시체가 돌아왔다|콩가네|코리아|페이스메이커|원더풀 라디오|티끌모아 로맨스|챔프|7광구|풍산개|수상한 고객들|청춘그루브|김종욱 찾기|나탈리|살인의 강|방가? 방가!|무적자|폐가|고死 두 번째 이야기: 교생실습|하녀|베스트셀러|집 나온 남자들|육혈포 강도단|웨딩드레스|구르믈 버서난 달처럼|이웃집 남자|평행이론|하모니|시크릿|홍길동의 후예|백야행|부산|정승필 실종사건|헬로우 마이 러브|불꽃처럼 나비처럼|내 사랑 내 곁에|요가학원|불신지옥|국가대표|해운대|여고괴담 5|거북이 달린다|인사동 스캔들|슬픔보다 더 슬픈 이야기|탈주|김씨표류기|달콤한 거짓말|1724 기방난동사건|이리|멋진 하루|당신이 잠든 사이에|님은 먼 곳에|흑심모녀|가루지기|비스티 보이즈|지금, 이대로가 좋아요|대한이, 민국씨|6년째 연애중|슈퍼맨이었던 사나이|무방비도시|헨젤과 그레텔|내 사랑|싸움|펀치레이디|궁녀|즐거운 인생|지금 사랑하는 사람과 살고 있습니까?|별빛 속으로|꽃미남 연쇄 테러 사건|황진이|밀양|극락도 살인사건|언니가 간다|해바라기|예의없는 것들|오로라 공주|치킨게임|너를 봤어|무서운 이야기 '앰뷸런스'"
김남우,,,배우,최면|소리도 없이|극한직업
김은지,,,배급진행,"최선의 삶|방법: 재차의|발신제한|아무도 없는 곳|메이드 인 루프탑|아들의 이름으로|좋은 빛, 좋은 공기|족벌 두 신문 이야기|그림자꽃|밥정|69세|백두산|우리를 갈라놓는 것들|신의 한 수: 귀수편|나쁜 녀석들: 더 무비|엑시트|기생충|클로젯|걸캅스|사바하|극한직업"
김연주,,,제작관리,모가디슈|백두산|신의 한 수: 귀수편|나쁜 녀석들: 더 무비|클로젯|걸캅스|극한직업|신암행어사
김주연,KIM Joo-youn,KIM Joo-youn,예고편,국제수사|반도|다만 악에서 구하소서|결백|시동|감쪽같은 그녀|나를 찾아줘|윤희에게|블랙머니|82년생 김지영|나랏말싸미|기생충|어린 의뢰인|왓칭|사자|악질경찰|항거:유관순 이야기|극한직업|말모이|스윙키즈|여곡성|안시성|명당|미쓰백|목격자|변산|허스토리|더 펜션|바람 바람 바람|치즈인더트랩|강철비|반드시 잡는다|기억의 밤|머니백|역모-반란의 시대|필름시대사랑
정종헌,JEONG Jong-heon,JEONG Jong-heon,촬영,"럭키 몬스터|우리집|극한직업|리벤져|사라진 밤|나의 연기 워크샵|비정규직 특수요원|시간이탈자|나의 절친 악당들|우리는 형제입니다|제보자|하이힐|용의자|스파이|더 웹툰: 예고살인|마이 라띠마|두 번의 결혼식과 한 번의 장례식|봄, 눈|코리아|오싹한 연애|7광구|체포왕|아이들...|페스티발|하녀|육혈포 강도단|평행이론|킹콩을 들다|쌍화점|1724 기방난동사건|스카우트|마이 파더|비열한 거리|전학생|혜리|텅빈|그날의 거리|가까이|치킨게임|골고다의 방|귀 鬼(부르는 손 편)|2017 한국영화아카데미 33기 졸업영화제 - 실습작 B"
고봉주,,,세트,"방법: 재차의|조제|내가 죽던 날|히트맨|나쁜 녀석들: 더 무비|변신|봉오동 전투|기방도령|극한직업|명당|너의 결혼식|조선명탐정: 흡혈괴마의 비밀|머니백|살인자의 기억법|스플릿|대역전|로봇, 소리|도리화가|함정|미쓰 와이프|타투|라이브 TV|성실한 나라의 앨리스|조선명탐정 : 사라진 놉의 딸|빅매치|폴라로이드|용의자|열한시|톱스타|화이: 괴물을 삼킨 아이|48미터|런닝맨|26년|늑대소년|강철대오:구국의 철가방|점쟁이들|시체가 돌아왔다|적과의 동침|그대를 사랑합니다|인플루언스|시크릿|킹콩을 들다|서양 골동 양과자점 앤티크|달려라 자전거|가루지기|더 게임|우리 생애 최고의 순간|마을금고 연쇄습격사건|바르게 살자|동갑내기 과외하기 레슨 2|마파도2|조폭마누라3|열혈남아|아이스케키|구타유발자들|생, 날선생|구세주|흡혈형사 나도열|야수|싸움의 기술|가문의 위기(가문의 영광2)|이대로, 죽을 순 없다(Short Time)|분홍신|주먹이 운다(Crying Fist)|마파도|슈퍼스타 감사용|신부수업|라이어|마지막 늑대|맹부삼천지교|그녀를 모르면 간첩|은장도|4인용 식탁|화성으로 간 사나이|와일드 카드|유아독존|도둑맞곤 못살아|아 유 레디?|해적 디스코왕 되다|그녀에게 잠들다"
강동우,KANG Dong-woo,KANG Dong-woo,메이킹필름,"인질|방법: 재차의|모가디슈|발신제한|조제|담보|다만 악에서 구하소서|강철비2: 정상회담|사라진 시간|침입자|천문: 하늘에 묻는다|시동|나를 찾아줘|블랙머니|가장 보통의 연애|나쁜 녀석들: 더 무비|유열의 음악앨범|봉오동 전투|엑시트|롱 리브 더 킹: 목포 영웅|기생충|악인전|우상|사바하|증인|뺑반|극한직업|리벤져|국가부도의 날|성난황소|원더풀 고스트|협상|명당|인랑|마녀|탐정: 리턴즈|7년의 밤|독전|타클라마칸|지금 만나러 갑니다|염력|1987|강철비|남한산성|범죄도시|청년경찰|군함도|대립군|특별시민|그대 이름은 장미|불한당: 나쁜 놈들의 세상|보안관|임금님의 사건수첩|조작된 도시|공조|더 킹|연애담|고산자, 대동여지도|국가대표 2|터널|사냥|양치기들|시간이탈자|널 기다리며|나를 잊지 말아요|히말라야|도리화가|악의 연대기|파일 : 4022일의 사육|황구|표적|레드카펫|사이코메트리|차형사|봄, 눈|파파|퍼펙트 게임|최종병기 활|화이트: 저주의 멜로디|서유기 리턴즈|무법자|평행이론|불신지옥|과속스캔들|비스티 보이즈|우리 동네|천년학|두 번째 사랑"
박성윤,,,배급진행,방법: 재차의|발신제한|파이프라인|내일의 기억|미드나이트|아이들은 즐겁다|새해전야|세자매|소리도 없이|사라진 시간|침입자|해치지않아|사선의 끝|버티고|양자물리학|기방도령|왓칭|진범|0.0MHz|걸캅스|사바하|극한직업|썬키스 패밀리
배세영,BAE Se-yeong,BAE Se-yeong,시나리오(각본),인생은 아름다워|스텔라|극한직업|완벽한 타인|원더풀 고스트|7년의 밤|바람 바람 바람|우리는 형제입니다|미나문방구|미쓰GO|선수|적과의 동침|된장|킹콩을 들다|사랑방 선수와 어머니
박종민,,,예고편,인질|모가디슈|괴기맨숀|발신제한|담보|디바|자산어보|다만 악에서 구하소서|강철비2: 정상회담|결백|시동|감쪽같은 그녀|나를 찾아줘|블랙머니|82년생 김지영|나랏말싸미|기생충|왓칭|사자|악질경찰|항거:유관순 이야기|극한직업|말모이|스윙키즈|인랑|7년의 밤|리틀 포레스트|공작|신과함께-인과 연|독전|1987|신과함께-죄와 벌|7호실|미옥|침묵|대장 김창수|아이 캔 스피크|시인의 사랑|브이아이피|택시운전사|박열|석조저택 살인사건|특별시민|어느날|보통사람|해빙|재심|아수라|밀정|올레|아가씨|미씽: 사라진 여자|남과 여|순정|동주|검사외전|나를 잊지 말아요|조선마술사|대호|미안해 사랑해 고마워|서부전선|쓰리 썸머 나잇|손님|경성학교: 사라진 소녀들|무뢰한|쎄시봉|더 테너 리리코 스핀토|맨홀|마담 뺑덕|좋은 친구들|도희야|소수의견|군도: 민란의 시대|방황하는 칼날|몬스터|피끓는 청춘|남자가 사랑할 때|친구 2|설국열차|공범|타워|이웃사람|호우시절|외톨이
장찬우,JANG Chan-woo,JANG Chan-woo,폴리,"낫아웃|어른들은 몰라요|스트레스 제로|극장판 미니특공대: 햄버거괴물의 습격|해치지않아|나를 찾아줘|어린 의뢰인|호흡|메기|다시, 봄|막다른 골목의 추억|우상|극한직업|내안의 그놈|해피 투게더|레슬러|밤치기|골든슬럼버|흥부: 글로 세상을 바꾼 자|염력|신과함께-죄와 벌|꾼|미옥|대장 김창수|남한산성|택시운전사|박열|특별시민|마스터|판도라|스플릿|밀정|터널|부산행|궁합|역모-반란의 시대|비밀은 없다|해어화|순정|로봇, 소리|오빠생각|검은 사제들|탐정 : 더 비기닝|은밀한 유혹|사도|상의원|우리는 형제입니다|타짜-신의 손|두근두근 내 인생|해무(海霧)|좋은 친구들|명량|하이힐|수상한 그녀|플랜맨|변호인|톱스타|관상|우리들의 헤어진 여자친구|감기|감시자들|여배우는 너무해|런닝맨|사이코메트리|강철대오:구국의 철가방|듀엣|백프로|바비|철암 계곡의 혈투"
김성진,,,메이킹필름,인질|방법: 재차의|모가디슈|발신제한|조제|담보|다만 악에서 구하소서|사라진 시간|침입자|천문: 하늘에 묻는다|시동|나를 찾아줘|가장 보통의 연애|나쁜 녀석들: 더 무비|유열의 음악앨범|봉오동 전투|엑시트|롱 리브 더 킹: 목포 영웅|기생충|악인전|우상|사바하|증인|뺑반|극한직업|리벤져|국가부도의 날|성난황소|협상|명당|마녀|탐정: 리턴즈|7년의 밤|독전|지금 만나러 갑니다|염력|그대 이름은 장미
설용근,Seol Yong-geun,Seol Yong-geun,특수차량,"발신제한|낫아웃|서복|강철비2: 정상회담|히트맨|남산의 부장들|백두산|블랙머니|사선의 끝|나쁜 녀석들: 더 무비|변신|악인전|악질경찰|극한직업|상류사회|탐정: 리턴즈|레슬러|목격자|독전|염력|강철비|반드시 잡는다|꾼|브이아이피|불한당: 나쁜 놈들의 세상|프리즌|공조|사랑하기 때문에|아수라|섬. 사라진 사람들|검사외전|내부자들|성난 변호사|퇴마: 무녀굴|쓰리 썸머 나잇|무뢰한|차이나타운|살인의뢰|오늘의 연애|기술자들|빅매치|카트|타짜-신의 손|좋은 친구들|도희야|인간중독|표적|하이힐|끝까지 간다|방황하는 칼날|용의자|천안함 프로젝트|감기|더 테러 라이브|은밀하게 위대하게|공범|스파이|48미터|더 웹툰: 예고살인|공정사회|전설의 주먹|런닝맨|사이코메트리|7번방의 선물|타워|반창꼬|내가 살인범이다|용의자X|회사원|점쟁이들|간첩|R2B: 리턴투베이스|연가시|아부의 왕|미운오리새끼|코리아|간기남|댄싱퀸|부러진 화살|퍼펙트 게임|오싹한 연애|특수본|완득이|의뢰인|통증|퀵|고양이: 죽음을 보는 두 개의 눈|모비딕|체포왕|써니|적과의 동침|로맨틱 헤븐|글러브|황해|이층의 악당|페스티발|불량남녀|부당거래|심야의 F.M.|그랑프리|무적자|퀴즈왕|인플루언스|악마를 보았다|이끼|무법자|육혈포 강도단|하모니|주유소 습격사건 2|용서는 없다|너와 나의 21세기|홍길동의 후예|킬 미|집행자|파주|굿모닝 프레지던트|해운대|로니를 찾아서|마더|인사동 스캔들|탈주|차우|7급 공무원|유감스러운 도시|달콤한 거짓말|비몽|눈에는 눈 이에는 이|무림여대생|추격자|대한이, 민국씨|슈퍼맨이었던 사나이|가면|우리 동네|마을금고 연쇄습격사건|바르게 살자|상사부일체|권순분여사 납치사건|리턴|검은 집|수|쏜다|그놈 목소리|오래된 정원|조폭마누라3|해바라기|가을로|마음이...|거룩한 계보|구미호 가족|우리들의 행복한 시간|스승의 은혜|괴물|사생결단|홀리데이|태풍|미스터 소크라테스|오로라 공주|강력 3반|너는 내 운명|웰컴 투 동막골|까불지마|투 가이즈|아라한 장풍대작전|바람의 전설|튜브|색즉시공|해안선|보스 상륙 작전(Boss X File)|울랄라씨스터즈|공공의 적|아프리카|나쁜 남자|수취인불명|광시곡|2001용가리|격세지감|귀 鬼|인류 멸망 보고서 '멋진 신세계'"
황승윤,HWANG Seung-yun,HWANG Seung-yun,촬영,"디바|욕창|야구소녀|저 산 너머|두번할까요|수퍼 디스코|극한직업|남자와 여자|어른도감|더 펜션|사라진 밤|부라더|비정규직 특수요원|당신, 거기 있어줄래요|서부전선|살인의뢰|내 심장을 쏴라|워킹걸|제보자|돼지 같은 여자|족구왕|들개들|집으로 가는 길|붉은 가족|배우는 배우다|몽타주|전국노래자랑|조난자들|연가시|홀리|코리아|오싹한 연애|퀵|적과의 동침|소와 함께 여행하는 법|방가? 방가!|그랑프리|레인보우|국가대표|장례식의 멤버|싸움|열한번째 엄마|도레미파솔라시도|흡혈형사 나도열|뷰티풀 마인드"
최성진,CHOI Sung-jin,CHOI Sung-jin,조명팀,"싱크홀|자산어보|침입자|광대들: 풍문조작단|비스트|악몽|극한직업|마녀|변산|흥부: 글로 세상을 바꾼 자|침묵|택시운전사|석조저택 살인사건|로마서 8:37|스플릿|미씽: 사라진 여자|비밀은 없다|대배우|좋아해줘|극적인 하룻밤|뷰티 인사이드|연평해전|은밀한 유혹|오피스|워킹걸|조선미녀삼총사|한 번도 안 해본 여자|잉투기|공범|전설의 주먹|스페어|대한이, 민국씨|1번가의 기적|괴물|이중간첩|라이터를 켜라|공공의 적|신라의 달밤|하루|배심원들|반신반의"
한지혜,,,DI팀,"괴기맨숀|구원|미션 파서블|내가 죽던 날|호텔 레이크|죽지않는 인간들의 밤|불량한 가족|프랑스여자|얼굴없는 보스: 못다한 이야기 감독판|저 산 너머|카센타|얼굴없는 보스|두번할까요|왓칭|나는보리|어멍|0.0MHz|크게 될 놈|다시, 봄|자전차왕 엄복동|극한직업|내안의 그놈|언니|리벤져|리스펙트|하나식당|여곡성|동네사람들|양아치 느와르|식구|여중생A|데자뷰|그대 이름은 장미|난폭한 기록"
최정인,,,음악진행,인질|싱크홀|발신제한|기적|호텔 레이크|강철비2: 정상회담|#살아있다|82년생 김지영|가장 보통의 연애|굿바이 썸머|우상|사바하|극한직업|국가부도의 날|비밥바룰라|바람 바람 바람|골든슬럼버|1987|강철비|임금님의 사건수첩|아빠는 딸|조작된 도시|형|굿바이 싱글|사냥|탐정 홍길동: 사라진 마을|그날의 분위기|도리화가|검은 사제들
박상우,,,음악진행,싱크홀|기적|추억의 검정고무신|매지컬: 공주를 웃겨라|#살아있다|디아스포라의 노래 : 아리랑 로드 |가장 보통의 연애|우상|극한직업|국가부도의 날|비밥바룰라|골든슬럼버|강철비|그날의 분위기|가시
김태성,KIM Tae-seong,KIM Tae-seong,음악,"인질|싱크홀|발신제한|기적|브레이크 더 사일런스: 더 무비|강철비2: 정상회담|#살아있다|82년생 김지영|가장 보통의 연애|굿바이 썸머|돌멩이|우상|사바하|극한직업|국가부도의 날|바람 바람 바람|골든슬럼버|1987|강철비|임금님의 사건수첩|조작된 도시|형|사냥|굿바이 싱글|탐정 홍길동: 사라진 마을|그날의 분위기|도리화가|검은 사제들|명량: 회오리 바다를 향하여|오피스|한여름의 판타지아|스물|헬머니|그댄 나의 뱀파이어|신이 보낸 사람|명량|한공주|가시|완전 소중한 사랑|블랙 가스펠|소녀|감기|힘내세요, 병헌씨|타워|점쟁이들|바람과 함께 사라지다|코리아|원더풀 라디오|퍼펙트 게임|특수본|최종병기 활|체포왕|조금만 더 가까이|시라노; 연애조작단|김복남 살인사건의 전말|회오리 바람|슬픔보다 더 슬픈 이야기|1724 기방난동사건|크로싱|가루지기|백만장자의 첫사랑|다섯번째 계절|한길수|분홍신|엄마 찾아 삼만리|안녕! 유에프오|언덕 밑 세상|올 가을의 트렌드|헤이, 톰 |적의 사과|구름이 되고 싶어!|이젠 괜찮아|길잃은시간|모놀로그 #1|드라이버|영재를 기다리며|낙원|울아빠"
남궁윤환,,,VFX 아티스트,"오늘, 우리 2|다만 악에서 구하소서|해치지않아|신의 한 수: 귀수편|퍼펙트맨|돈|어쩌다, 결혼|극한직업|신과함께-인과 연|1987|신과함께-죄와 벌|7호실|침묵|대립군|리얼|조작된 도시|서부전선|배심원들"
이성준,LEE Sung-jun,LEE Sung-jun,사운드,"귀문|낫아웃|내겐 너무 소중한 너|미드나이트|좋은 빛, 좋은 공기|간이역|미션 파서블|더블패티|이웃사촌|소리도 없이|제인의 썸머|비밀의 정원|죽지않는 인간들의 밤|오케이 마담|테우리|침입자|해치지않아|우리를 갈라놓는 것들|나를 찾아줘|몬테크리스토|두번할까요|양자물리학|기방도령|비스트|롱 리브 더 킹: 목포 영웅|시민 노무현|어린 의뢰인|돌멩이|메기|암전|사범|보희와 녹양|다시, 봄|미성년|우상|기묘한 가족|극한직업|내안의 그놈|언니|뷰티풀 데이즈|해피 투게더|원더풀 고스트|협상|양아치 느와르|여중생A|썬키스 패밀리|아메리카 타운|살아남은 아이|어른도감|목격자|챔피언|곤지암|엄마의 공책|사라진 밤|B급 며느리|1987|채비|장산범|택시운전사|군함도|서서평, 천천히 평온하게|려행|아기와 나|리얼|꿈의 제인|마차 타고 고래고래|그래, 가족|내 아내의 언니|우리 손자 베스트|매춘 2016|착한 형수|대결|주말부부|이웃동서|썰만화|우리들의 일기|치외법권|위험한 상견례 2|약장수|손님|따라지 : 비열한 거리|소셜포비아|헬머니|터널 3D|경주|파스카|부곡 하와이|춘하추동 로맨스|마녀|자, 이제 댄스타임|한공주|씨, 베토벤|만신|응징자|청춘정담|그리고 싶은 것|더 웹툰: 예고살인|닥터|마이 라띠마|앵두야, 연애하자|콘돌은 날아간다|잠 못 드는 밤|배꼽|반창꼬|26년|돈 크라이 마미|핑크|완벽한 파트너|카운트다운|7광구|량강도 아이들|고래를 찾는 자전거|그대를 사랑합니다|브라보! 재즈 라이프|우리 만난 적 있나요|포화속으로|홍길동의 후예|파주|10억|인사동 스캔들|키친|7급 공무원|1724 기방난동사건|멋진 하루|영화는 영화다|울학교 이티|눈에는 눈 이에는 이|바보|그녀는 예뻤다|경축! 우리사랑|무방비도시|색즉시공 시즌2|상사부일체|마이 파더|기담|화려한 휴가|열세살 수아|초롤케의 딸|미녀는 괴로워|아주 특별한 손님|삼거리극장|애정결핍이 두 남자에게 미치는 영향|가을로|내 청춘에게 고함|러브토크|활|그리스 로마신화 - 올림포스 가디언 - 기간테스 대역습|당시|마파도|S 다이어리|빈집|인형사|페이스|사마리아|풀리쉬 게임|선택|국화꽃 향기|휘파람공주|중독|패밀리|좋은사람있으면 소개시켜줘|서프라이즈|몽중인|나비|스톡|날아라 닭!|자전거여행|레디액션 청춘|세번째 시선"
서동준,SEO Dong-joon,SEO Dong-joon,사운드팀,"비밀의 정원|해치지않아|나를 찾아줘|두번할까요|안녕, 티라노: 영원히, 함께|어린 의뢰인|메기|사범|보희와 녹양|다시, 봄|우상|극한직업|내안의 그놈|언니|해피 투게더|여중생A|살아남은 아이|어른도감|엄마의 공책|채비|아기와 나|꿈의 제인|마차 타고 고래고래|그래, 가족|대결"
박정민,,,VFX 매니지먼트,"비와 당신의 이야기|해치지않아|백두산|속물들|신의 한 수: 귀수편|퍼펙트맨|배심원들|돈|극한직업|명당|공작|흥부: 글로 세상을 바꾼 자|감시자들|스파이|광해, 왕이 된 남자|오싹한 연애|티끌모아 로맨스|커플즈|완득이|위험한 상견례|로맨틱 헤븐|나는 아빠다"
조현희,,,VFX 매니지먼트,해치지않아|신의 한 수: 귀수편|퍼펙트맨|배심원들|돈|극한직업|명당|리틀 포레스트|공작|흥부: 글로 세상을 바꾼 자|살인자의 기억법|미씽: 사라진 여자
김경남,,,VFX 아티스트,"인질|싱크홀|아이|#살아있다|해치지않아|속물들|신의 한 수: 귀수편|퍼펙트맨|배심원들|돈|극한직업|명당|리틀 포레스트|공작|흥부: 글로 세상을 바꾼 자|살인자의 기억법|올리고당 더 무비|혼숨|미씽: 사라진 여자|특별수사: 사형수의 편지|해어화|널 기다리며|히야|남과 여|어떤살인|연평해전|위험한 상견례 2|극비수사|헬머니|국제시장|명량|의궤, 8일간의 축제 3D|조선미녀삼총사|더 테러 라이브|차이나 블루|청포도 사탕: 17년 전의 약속|피에타|간기남|파파|너는 펫|Mr.아이돌|오직 그대만|최종병기 활|고지전|마마|오빠가 돌아왔다|나탈리|인사동 스캔들|인류멸망 보고서"
김정민,,,VFX 아티스트,"기적|비와 당신의 이야기|해치지않아|신의 한 수: 귀수편|퍼펙트맨|양자물리학|배심원들|돈|극한직업|런닝맨 : 풀룰루의 역습|명당|안시성|인랑|염력|꾼|미옥|대장 김창수|남한산성|군함도|박열|하루|그대 이름은 장미|싱글라이더|판도라|형|밀정|국가대표 2|부산행|궁합|순정|좋아해줘|조선마술사|극적인 하룻밤|순수의 시대|사도|장수상회|화장|조선명탐정 : 사라진 놉의 딸|쎄시봉|강남 1970|국제시장|두근두근 내 인생|해무(海霧)|역린|방황하는 칼날|플랜맨|동창생|히어로|관상|감기|숨바꼭질|더 테러 라이브|고령화 가족|스파이|신세계|타워|광해, 왕이 된 남자|도둑들|차형사|마이 웨이|오싹한 연애|티끌모아 로맨스|커플즈|완득이|퀵|귀여워"
김지현,,,VFX 아티스트,인질|싱크홀|괴기맨숀|아이|비와 당신의 이야기|담보|서복|#살아있다|히트맨|해치지않아|신의 한 수: 귀수편|가장 보통의 연애|퍼펙트맨|애월|타짜: 원 아이드 잭|광대들: 풍문조작단|엑시트|기방도령|배심원들|악몽|기도하는 남자|클로젯|미스터 주: 사라진 VIP|너의 여자친구|걸캅스|나의 특별한 형제|미성년|우상|돈|사바하|증인|극한직업|언더독|점박이 한반도의 공룡2 : 새로운 낙원|도어락|국가부도의 날|협상|안시성|인랑|탐정: 리턴즈|임을 위한 행진곡|물괴|목격자|오장군의 발톱|변산|더 펜션|챔피언|번개맨과 신비의 섬|치즈인더트랩|사라진 밤|염력|반드시 잡는다|미옥|남한산성|아이 캔 스피크|이웃집 스타|군함도|하루|시간위의 집|보통사람|그대 이름은 장미|루시드 드림|판도라|걷기왕|밀정|인천상륙작전|부산행|궁합|미스터 고
오원준,,,특수효과,"귀문|싱크홀|방법: 재차의|괴기맨숀|불어라 검풍아|더 박스|세자매|해치지않아|신의 한 수: 귀수편|82년생 김지영|두번할까요|롱 리브 더 킹: 목포 영웅|미스터 주: 사라진 VIP|극한직업|PMC: 더 벙커|창궐|안시성|상류사회|리틀 포레스트|마약왕|신과함께-인과 연|신과함께-죄와 벌|메소드|범죄도시|아이 캔 스피크|특별시민|루시드 드림|스플릿|밀정|봉이 김선달|사냥|럭키|날, 보러와요|로봇, 소리"
유재영,,,세트,"방법: 재차의|조제|내가 죽던 날|히트맨|나쁜 녀석들: 더 무비|변신|봉오동 전투|기방도령|극한직업|명당|미쓰백|조선명탐정: 흡혈괴마의 비밀|염력|기억의 밤|7호실|대립군|머니백|살인자의 기억법|대결|가비|악마를 보았다|내 깡패 같은 애인|반가운 살인자|집 나온 남자들|귀향|이태원 살인사건|마녀의 관|7급 공무원|핸드폰|나의 친구, 그의 아내|GP 506|열한번째 엄마|우리 동네|별빛 속으로|날아라 허동구|허브|가을로|가문의 부활 - 가문의 영광3|유숙자"
김원학,,,DI팀,"장르만 로맨스|쇼미더고스트|방법: 재차의|발신제한|파이프라인|아무도 없는 곳|행복의 속도|기적|국제수사|들리나요?|길|비밀의 정원|럭키 몬스터|프랑스여자|정직한 후보|카센타|얼굴없는 보스|첫잔처럼|가장 보통의 연애|변신|기방도령|왓칭|미스터 주: 사라진 VIP|어멍|사범|0.0MHz|크게 될 놈|다시, 봄|자전차왕 엄복동|극한직업|내안의 그놈|언니|리벤져|리스펙트|하나식당|여곡성|동네사람들|원더풀 고스트|양아치 느와르|식구|여중생A|데자뷰|비밥바룰라|치즈인더트랩|그것만이 내 세상|채비|내게 남은 사랑을|폭력의 씨앗|구세주: 리턴즈|로마의 휴일|컴, 투게더|탐하다: 욕망의 섬|왕을 참하라|그대 이름은 장미|미스 푸줏간|중독노래방|마차 타고 고래고래|아빠는 딸|루시드 드림|그래, 가족|사랑하기 때문에|커튼콜|두 남자|형|시소|착한아내|대결|올레|챌린지 게임|트릭|사냥|가을 우체국|원나잇스탠드|우주의 크리스마스|널 기다리며"
이동기,,,음악진행,정직한 후보|극한직업
윤형민,,,배급진행,국제수사|남산의 부장들|퍼펙트맨|봉오동 전투|미성년|극한직업|챔프|우리 만난 적 있나요|된장
최광휘,,,액션/스턴트팀,액션히어로|반도|#살아있다|남산의 부장들|천문: 하늘에 묻는다|백두산|나쁜 녀석들: 더 무비|봉오동 전투|악인전|클로젯|뺑반|극한직업|말모이|인랑
강현구,,,액션/스턴트팀,방법: 재차의|액션히어로|반도|피원에이치 : 새로운 세계의 시작 |#살아있다|사라진 시간|결백|남산의 부장들|백두산|퍼펙트맨|나쁜 녀석들: 더 무비|봉오동 전투|엑시트|악인전|클로젯|걸캅스|뺑반|극한직업|말모이|인랑
서영민,,,액션/스턴트팀,"보이스|인질|방법: 재차의|오케이 마담|#살아있다|남산의 부장들|백두산|시동|나쁜 녀석들: 더 무비|변신|광대들: 풍문조작단|봉오동 전투|엑시트|롱 리브 더 킹: 목포 영웅|기생충|악인전|지푸라기라도 잡고 싶은 짐승들|클로젯|걸캅스|돈|뺑반|극한직업|PMC: 더 벙커|원더풀 고스트|인랑|마약왕|일진|염력|강철비|기억의 밤|미옥|군함도|악녀|원라인|조작된 도시|죽여주는 여자|고산자, 대동여지도|밀정|덕혜옹주|부산행|검사외전|대호|권법형사 : 차이나타운|순수의 시대|기술자들|황제를 위하여|남자가 사랑할 때"
김남우,,,액션/스턴트팀,보이스|인질|모가디슈|이웃사촌|소리도 없이|반도|남산의 부장들|천문: 하늘에 묻는다|백두산|시동|나쁜 녀석들: 더 무비|광대들: 풍문조작단|봉오동 전투|엑시트|롱 리브 더 킹: 목포 영웅|기생충|악인전|걸캅스|돈|뺑반|극한직업|PMC: 더 벙커|스윙키즈|성난황소|인랑|마약왕|독전|챔피언|염력
최하은,,,특수분장,"오! 문희|남산의 부장들|해치지않아|나쁜 녀석들: 더 무비|봉오동 전투|엑시트|비스트|기생충|악인전|클로젯|악질경찰|돈|우상|사바하|뺑반|극한직업|말모이|PMC: 더 벙커|성난황소|명당|협상|안시성|인랑|마녀|7년의 밤|마약왕|암수살인|물괴|공작|신과함께-인과 연|독전|치즈인더트랩|골든슬럼버|조선명탐정: 흡혈괴마의 비밀|염력|그것만이 내 세상|1987|신과함께-죄와 벌|강철비|미옥|대장 김창수|브이아이피|택시운전사|군함도|하루|대립군|석조저택 살인사건|살인자의 기억법|불한당: 나쁜 놈들의 세상|보안관|임금님의 사건수첩|조작된 도시|마스터|목숨 건 연애|판도라|아수라|밀정|터널|덕혜옹주|아가씨|탐정 홍길동: 사라진 마을|미씽: 사라진 여자|비밀은 없다|해어화|검사외전|로봇, 소리|오빠생각|검은 사제들"
김유선,,,특수분장,인질|방법: 재차의|모가디슈|디바|오! 문희|반도|서복|다만 악에서 구하소서|#살아있다|남산의 부장들|해치지않아|백두산|나쁜 녀석들: 더 무비|봉오동 전투|엑시트|비스트|기생충|악인전|클로젯|사바하|뺑반|극한직업|말모이|성난황소|인랑
허윤,,,특수분장,인질|방법: 재차의|모가디슈|디바|오! 문희|반도|서복|다만 악에서 구하소서|#살아있다|남산의 부장들|해치지않아|백두산|나쁜 녀석들: 더 무비|봉오동 전투|엑시트|비스트|기생충|악인전|클로젯|돈|악질경찰|우상|사바하|뺑반|극한직업|말모이|PMC: 더 벙커|성난황소|협상|안시성|명당|인랑|마녀|마약왕|암수살인|물괴|독전|조선명탐정: 흡혈괴마의 비밀|염력|그것만이 내 세상|1987
박소연,PARK So-youn,PARK So-youn,특수분장,"인질|모가디슈|디바|오! 문희|반도|다만 악에서 구하소서|#살아있다|남산의 부장들|해치지않아|백두산|나쁜 녀석들: 더 무비|봉오동 전투|엑시트|비스트|기생충|악인전|클로젯|돈|악질경찰|우상|사바하|뺑반|극한직업|말모이|PMC: 더 벙커|성난황소|협상|안시성|명당|인랑|마녀|마약왕|암수살인|물괴|공작|신과함께-인과 연|독전|치즈인더트랩|골든슬럼버|염력|그것만이 내 세상|1987|신과함께-죄와 벌|강철비|대장 김창수|브이아이피|군함도|하루|대립군|불한당: 나쁜 놈들의 세상|슬로우 비디오|돼지 같은 여자|나가요 미스콜|하이프 네이션 : 힙합사기꾼|결혼전야|내 아내의 모든 것|시체가 돌아왔다|세상에서 가장 아름다운 이별|방가? 방가!|블러디쉐이크|집 나온 남자들|열한번째 엄마|동갑내기 과외하기 레슨 2|사랑하니까, 괜찮아|도마 안중근|조폭마누라2-돌아온 전설|오! 브라더스|튜브|로드무비|보스 상륙 작전(Boss X File)|긴급조치 19호|무서운 이야기|무서운 이야기 '콩쥐 팥쥐'"
이효응,,,특수분장,"인질|방법: 재차의|모가디슈|디바|오! 문희|반도|서복|#살아있다|남산의 부장들|해치지않아|백두산|나쁜 녀석들: 더 무비|봉오동 전투|엑시트|비스트|기생충|악인전|악질경찰|돈|우상|사바하|뺑반|극한직업|말모이|PMC: 더 벙커|성난황소|안시성|명당|협상|인랑|마녀|7년의 밤|마약왕|암수살인|물괴|공작|신과함께-인과 연|치즈인더트랩|골든슬럼버|조선명탐정: 흡혈괴마의 비밀|염력|그것만이 내 세상|1987|신과함께-죄와 벌|강철비|미옥|대장 김창수|브이아이피|택시운전사|군함도|하루|대립군|석조저택 살인사건|살인자의 기억법|불한당: 나쁜 놈들의 세상|보안관|임금님의 사건수첩|조작된 도시|마스터|목숨 건 연애|판도라|아수라|밀정|터널|덕혜옹주|부산행|아가씨|곡성|탐정 홍길동: 사라진 마을|미씽: 사라진 여자|비밀은 없다|해어화|검사외전|로봇, 소리|오빠생각|히말라야|대호|검은 사제들|암살|방황하는 칼날"
권은정,KWON Eun-jung,KWON Eun-jung,특수분장,"오! 문희|남산의 부장들|해치지않아|나쁜 녀석들: 더 무비|봉오동 전투|엑시트|비스트|기생충|악인전|클로젯|악질경찰|돈|우상|사바하|뺑반|극한직업|말모이|PMC: 더 벙커|성난황소|안시성|협상|명당|상류사회|인랑|마녀|7년의 밤|마약왕|암수살인|물괴|공작|신과함께-인과 연|독전|치즈인더트랩|골든슬럼버|조선명탐정: 흡혈괴마의 비밀|염력|그것만이 내 세상|1987|신과함께-죄와 벌|강철비|미옥|대장 김창수|브이아이피|택시운전사|군함도|하루|대립군|석조저택 살인사건|살인자의 기억법|불한당: 나쁜 놈들의 세상|보안관|임금님의 사건수첩|조작된 도시|마스터|목숨 건 연애|아수라|밀정|터널|덕혜옹주|부산행|아가씨|미씽: 사라진 여자|해어화|로봇, 소리|오빠생각|비밀애|파주|토끼와 리저드|애자|불신지옥|마더|박쥐|쌍화점|눈에는 눈 이에는 이|좋은 놈, 나쁜 놈, 이상한 놈 |숙명|추격자|다찌마와리|헨젤과 그레텔|사랑|해부학 교실|검은 집|뷰티풀 선데이|그놈 목소리|폭력써클|인류 멸망 보고서 '멋진 신세계'"
황효균,HWANG Hyo-gyun,HWANG Hyo-gyun,특수분장,"인질|모가디슈|방법: 재차의|낫아웃|내일의 기억|비와 당신의 이야기|이웃사촌|담보|디바|오! 문희|반도|오케이 마담|다만 악에서 구하소서|#살아있다|남산의 부장들|해치지않아|백두산|시동|나쁜 녀석들: 더 무비|봉오동 전투|엑시트|비스트|기생충|악인전|돌멩이|클로젯|우상|악질경찰|돈|사바하|뺑반|극한직업|말모이|PMC: 더 벙커|성난황소|명당|협상|안시성|상류사회|인랑|마녀|7년의 밤|마약왕|암수살인|죄 많은 소녀|물괴|공작|신과함께-인과 연|독전|치즈인더트랩|골든슬럼버|조선명탐정: 흡혈괴마의 비밀|염력|그것만이 내 세상|1987|신과함께-죄와 벌|강철비|미옥|대장 김창수|브이아이피|택시운전사|군함도|하루|대립군|석조저택 살인사건|살인자의 기억법|불한당: 나쁜 놈들의 세상|보안관|임금님의 사건수첩|프리즌|조작된 도시|공조|사랑하기 때문에|마스터|목숨 건 연애|판도라|스플릿|혼숨|아수라|밀정|터널|인천상륙작전|부산행|아가씨|곡성|탐정 홍길동: 사라진 마을|치명도수: RESET|미씽: 사라진 여자|럭키|비밀은 없다|해어화|검사외전|로봇, 소리|오빠생각|대호|히말라야|내부자들|검은 사제들|서부전선|암살|베테랑|경성학교: 사라진 소녀들|무뢰한|살인의뢰|조선명탐정 : 사라진 놉의 딸|강남 1970|허삼관|국제시장|마담 뺑덕|해무(海霧)|황제를 위하여|우는 남자|역린|군도: 민란의 시대|끝까지 간다|방황하는 칼날|우아한 거짓말|남자가 사랑할 때|용의자|친구 2|동창생|화이: 괴물을 삼킨 아이|관상|감기|미스터 고|감시자들|더 웹툰: 예고살인|마이 라띠마|신세계|분노의 윤리학|베를린|늑대소년|회사원|점쟁이들|광해, 왕이 된 남자|R2B: 리턴투베이스|도둑들|후궁 : 제왕의 첩|미운오리새끼|하울링|마이 웨이|오직 그대만|통증|아이들...|조선명탐정 : 각시투구꽃의 비밀|황해|페스티발|초능력자|부당거래|해결사|악마를 보았다|아저씨|비밀애|시크릿|파주|굿모닝 프레지던트|토끼와 리저드|애자|불신지옥|마더|박쥐|쌍화점|눈에는 눈 이에는 이|좋은 놈, 나쁜 놈, 이상한 놈 |숙명|추격자|다찌마와리|헨젤과 그레텔|사랑|해부학 교실|검은 집|전설의 고향|그놈 목소리|조용한 세상|싸이보그지만 괜찮아|뚝방전설|천하장사 마돈나|괴물|짝패|강적|청연|6월의 일기|소년, 천국에 가다|친절한 금자씨|신성일의 행방불명|남극일기|달콤한 인생|귀여워|우리 형|바람난 가족|4인용 식탁|청풍명월(淸風明月)|살인의 추억|지구를 지켜라|H(에이치)|챔피언|쓰리 몬스터|인류 멸망 보고서 '천상의 피조물' |무서운 이야기 2 '탈출'|인류 멸망 보고서 '멋진 신세계'"
곽태용,KWAK Tae-yong,KWAK Tae-yong,특수분장,"인질|방법: 재차의|모가디슈|내일의 기억|이웃사촌|담보|디바|오! 문희|반도|오케이 마담|다만 악에서 구하소서|#살아있다|남산의 부장들|해치지않아|백두산|시동|나쁜 녀석들: 더 무비|봉오동 전투|엑시트|비스트|기생충|악인전|돌멩이|클로젯|악질경찰|돈|우상|사바하|뺑반|극한직업|말모이|PMC: 더 벙커|성난황소|명당|안시성|협상|상류사회|인랑|마녀|데자뷰|7년의 밤|마약왕|암수살인|죄 많은 소녀|물괴|공작|신과함께-인과 연|독전|치즈인더트랩|골든슬럼버|조선명탐정: 흡혈괴마의 비밀|염력|그것만이 내 세상|1987|신과함께-죄와 벌|강철비|기억의 밤|미옥|대장 김창수|브이아이피|택시운전사|군함도|하루|대립군|석조저택 살인사건|살인자의 기억법|불한당: 나쁜 놈들의 세상|보안관|임금님의 사건수첩|프리즌|조작된 도시|공조|사랑하기 때문에|마스터|목숨 건 연애|판도라|혼자|스플릿|혼숨|아수라|밀정|터널|덕혜옹주|인천상륙작전|부산행|아가씨|곡성|탐정 홍길동: 사라진 마을|치명도수: RESET|미씽: 사라진 여자|럭키|비밀은 없다|해어화|검사외전|로봇, 소리|오빠생각|대호|히말라야|내부자들|검은 사제들|서부전선|암살|간신|베테랑|경성학교: 사라진 소녀들|무뢰한|살인의뢰|조선명탐정 : 사라진 놉의 딸|강남 1970|허삼관|국제시장|마담 뺑덕|해무(海霧)|황제를 위하여|우는 남자|역린|군도: 민란의 시대|끝까지 간다|방황하는 칼날|우아한 거짓말|남자가 사랑할 때|용의자|캐치미|집으로 가는 길|친구 2|동창생|화이: 괴물을 삼킨 아이|관상|감기|미스터 고|감시자들|더 웹툰: 예고살인|마이 라띠마|분노의 윤리학|신세계|베를린|늑대소년|회사원|점쟁이들|광해, 왕이 된 남자|바람과 함께 사라지다|도둑들|연가시|후궁 : 제왕의 첩|미운오리새끼|하울링|범죄와의 전쟁: 나쁜놈들 전성시대|마이 웨이|오직 그대만|통증|아이들...|조선명탐정 : 각시투구꽃의 비밀|황해|페스티발|초능력자|부당거래|해결사|악마를 보았다|아저씨|비밀애|시크릿|파주|토끼와 리저드|애자|불신지옥|마더|박쥐|쌍화점|좋은 놈, 나쁜 놈, 이상한 놈 |숙명|추격자|다찌마와리|헨젤과 그레텔|사랑|해부학 교실|검은 집|전설의 고향|그놈 목소리|조용한 세상|싸이보그지만 괜찮아|뚝방전설|천하장사 마돈나|괴물|짝패|강적|청연|6월의 일기|소년, 천국에 가다|친절한 금자씨|신성일의 행방불명|남극일기|달콤한 인생|우리 형|바람난 가족|청풍명월(淸風明月)|살인의 추억|지구를 지켜라|H(에이치)|챔피언|복수는 나의 것|공공의 적|흑수선|무사|쓰리 몬스터|인류 멸망 보고서 '천상의 피조물' |무서운 이야기 2 '탈출'|인류 멸망 보고서 '멋진 신세계'"
이재우,LEE Jae-woo,LEE Jae-woo,투자,장르만 로맨스|모가디슈|내일의 기억|제8일의 밤|미드나이트|미션 파서블|소리도 없이|반도|호텔 레이크|자산어보|사라진 시간|결백|침입자|정직한 후보|남산의 부장들|백두산|감쪽같은 그녀|블랙머니|두번할까요|가장 보통의 연애|양자물리학|타짜: 원 아이드 잭|변신|광대들: 풍문조작단|나랏말싸미|기생충|어린 의뢰인|지푸라기라도 잡고 싶은 짐승들|암전|걸캅스|사바하|기묘한 가족|극한직업|말모이|내안의 그놈|썬키스 패밀리|파워배틀 와치카 미니카 배틀리그: 불꽃의 질주|제 7기사단|몬스터
손태승,,,투자,"정직한 후보|남산의 부장들|시동|신의 한 수: 귀수편|퍼펙트맨|가장 보통의 연애|힘을 내요, 미스터 리|봉오동 전투|비스트|기생충|걸캅스|나의 특별한 형제|미성년|돈|사바하|뺑반|극한직업|생일"
서민부,SEO Min-bu,SEO Min-bu,DI팀,
정승환,JUNG Seung-hwan,JUNG Seung-hwan,VFX 아티스트,"메이드 인 루프탑|오! 문희|호텔 레이크|다만 악에서 구하소서|백두산|판소리 복서|배심원들|미스터 주: 사라진 VIP|돈|극한직업|점박이 한반도의 공룡2 : 새로운 낙원|명당|리틀 포레스트|봄이가도|공작|골든슬럼버|흥부: 글로 세상을 바꾼 자|악녀|고산자, 대동여지도|시간이탈자|검은 사제들|태양을 쏴라|미스터 고|다이노 타임|권순분여사 납치사건|기담|1번가의 기적|최강로맨스|우아한 세계|마강호텔"
강덕남,KANG Duk-nam,KANG Duk-nam,특수효과팀,디바|천문: 하늘에 묻는다|나를 찾아줘|퍼펙트맨|양자물리학|타짜: 원 아이드 잭|변신|엑시트|롱 리브 더 킹: 목포 영웅|극한직업|7년의 밤|물괴|신과함께-인과 연|허스토리|골든슬럼버|신과함께-죄와 벌|남한산성|군함도|머니백|보안관|루시드 드림|희생부활자|럭키|번개맨|더 폰|탐정 : 더 비기닝|조선명탐정 : 사라진 놉의 딸|상의원|덕수리 5형제|해적: 바다로 간 산적|역린|수상한 그녀|관상|은밀하게 위대하게|남자사용설명서|타워|음치 클리닉 |나는 왕이로소이다|도둑들|러브픽션|네버엔딩 스토리|마이 웨이|도가니|블라인드|초능력자|무적자|대한민국 1%|전우치|홍길동의 후예|1724 기방난동사건|아내가 결혼했다|울학교 이티|마이 뉴 파트너|열세살 수아|못말리는 결혼|마파도2|S 다이어리
박유경,,,제작팀,해치지않아|천문: 하늘에 묻는다|백두산|악인전|극한직업|독전|택시운전사|머니백|아수라|럭키|널 기다리며|쓰리 썸머 나잇|상의원|신의 한 수|플랜맨|밤의 여왕|미나문방구|베를린|코리아
박현민,,,메이킹필름,천문: 하늘에 묻는다|시동|나를 찾아줘|가장 보통의 연애|나쁜 녀석들: 더 무비|유열의 음악앨범|봉오동 전투|엑시트|롱 리브 더 킹: 목포 영웅|기생충|악인전|우상|사바하|증인|뺑반|극한직업|국가부도의 날|성난황소|명당
안예이,,,메이킹필름,"인질|발신제한|조제|담보|다만 악에서 구하소서|사라진 시간|천문: 하늘에 묻는다|시동|나를 찾아줘|가장 보통의 연애|나쁜 녀석들: 더 무비|유열의 음악앨범|봉오동 전투|엑시트|롱 리브 더 킹: 목포 영웅|기생충|악인전|우상|사바하|증인|뺑반|극한직업|리벤져|국가부도의 날|성난황소|명당|협상|마녀|탐정: 리턴즈|7년의 밤|독전|지금 만나러 갑니다|염력|남한산성|군함도|불한당: 나쁜 놈들의 세상|보안관|임금님의 사건수첩|조작된 도시|더 킹|고산자, 대동여지도|국가대표 2|터널|시간이탈자|글로리데이|성난 변호사|연평해전|은밀한 유혹|오늘의 연애|표적|하이힐|관능의 법칙|조선미녀삼총사|연애의 온도|두 개의 달|티끌모아 로맨스"
허명행,HEO Myeong-hoeng,HEO Myeong-hoeng,액션/스턴트,"반도|사라진 시간|천문: 하늘에 묻는다|백두산|시동|나를 찾아줘|나쁜 녀석들: 더 무비|걸캅스|돈|어쩌다, 결혼|뺑반|극한직업|성난황소|7년의 밤|마약왕|공작|신과함께-인과 연|독전|챔피언|골든슬럼버|염력|그것만이 내 세상|미옥|대장 김창수|범죄도시|남한산성|불한당: 나쁜 놈들의 세상|보안관|마스터|아수라|덕혜옹주|부산행|난폭한 기록|미씽: 사라진 여자|검사외전|나를 잊지 말아요|대호|극적인 하룻밤|검은 사제들|더 폰|무뢰한|차이나타운|허삼관|기술자들|봄|두근두근 내 인생|신의 한 수|황제를 위하여|우는 남자|돼지 같은 여자|군도: 민란의 시대|보호자|남자가 사랑할 때|롤러코스터|화이: 괴물을 삼킨 아이|감시자들|파파로티|고스톱 살인|마이 라띠마|전설의 주먹|신세계|베를린|용의자X|미쓰GO|차형사|범죄와의 전쟁: 나쁜놈들 전성시대|카운트다운|푸른소금|열여덟, 열아홉|아이들...|헬로우 고스트|황해|초능력자|부당거래|살인의 강|해결사|악마를 보았다|이끼|파괴된 사나이|비밀애|전우치|국가대표|마더|좋은 놈, 나쁜 놈, 이상한 놈 |다찌마와리|중천|뚝방전설|짝패|사랑해, 말순씨|야수와 미녀|분홍신|주먹이 운다(Crying Fist)|달콤한 인생|바람의 파이터|아라한 장풍대작전|태극기 휘날리며|영어완전정복|스캔들-조선남녀상열지사|내츄럴시티|와일드 카드|성냥팔이 소녀의 재림|패밀리|공공의 적|피도 눈물도 없이|이것이 법이다|흑수선|무사|인디안 썸머|그라운드 제로|판도라|남자니까 아시잖아요?|인류 멸망 보고서 '천상의 피조물' |인류 멸망 보고서 '멋진 신세계'|타임리스"
김도진,,,투자,천문: 하늘에 묻는다|신의 한 수: 귀수편|극한직업
최평호,CHOI Pyung-ho,CHOI Pyung-ho,투자,"장르만 로맨스|보이스|모가디슈|발신제한|제8일의 밤|미드나이트|더 박스|미션 파서블|새해전야|세자매|애비규환|소리도 없이|국제수사|디바|반도|호텔 레이크|자산어보|죽지않는 인간들의 밤|오케이 마담|다만 악에서 구하소서|강철비2: 정상회담|#살아있다|사라진 시간|침입자|정직한 후보|히트맨|남산의 부장들|해치지않아|천문: 하늘에 묻는다|백두산|시동|감쪽같은 그녀|나를 찾아줘|윤희에게|블랙머니|신의 한 수: 귀수편|82년생 김지영|버티고|가장 보통의 연애|퍼펙트맨|장사리 : 잊혀진 영웅들|타짜: 원 아이드 잭|힘을 내요, 미스터 리|광대들: 풍문조작단|봉오동 전투|비스트|기생충|지푸라기라도 잡고 싶은 짐승들|사자|걸캅스|나의 특별한 형제|미성년|생일|돈|악질경찰|항거:유관순 이야기|사바하|뺑반|극한직업|말모이|제 7기사단|무명인|이별계약|혈투|이층의 악당|그랑프리|하녀|집 나온 남자들|웨딩드레스|킬 미|불꽃처럼 나비처럼|1724 기방난동사건|달콤한 인생|말죽거리 잔혹사|위대한 유산|4인용 식탁|살인의 추억|쓰리|쓰리 몬스터"
이중옥,LEE Joong-ok,LEE Joong-ok,배우,"방법: 재차의|히트맨|천문: 하늘에 묻는다|스텔라|돌멩이|극한직업|버닝|마약왕|탯줄|4등|방황하는 칼날|씨, 베토벤|고양이: 죽음을 보는 두 개의 눈|잘못된 만남|밀양"
이동용,,,배우,깨복쟁이|기적|이웃사촌|천문: 하늘에 묻는다|양자물리학|봉오동 전투|기생충|자전차왕 엄복동|극한직업|말모이
지유나,,,온라인마케팅,"보이스|방법: 재차의|발신제한|조제|서복|다만 악에서 구하소서|백두산|나쁜 녀석들: 더 무비|유열의 음악앨범|클로젯|사바하|극한직업|국가부도의 날|협상|더 펜션|지금 만나러 갑니다|사라진 밤|게이트|흥부: 글로 세상을 바꾼 자|조선명탐정: 흡혈괴마의 비밀|기억의 밤|꾼|부라더|청년경찰|택시운전사|극장판 또봇: 로봇군단의 습격|특별시민|시간위의 집|해빙|머니백|1급기밀|살인자의 기억법|보안관|프리즌|뚜르: 내 생애 최고의 49일|터닝메카드W: 블랙미러의 부활|당신, 거기 있어줄래요|두 남자|가려진 시간|시소|혼숨|죽여주는 여자|올레|터널|슈퍼 프렌즈|덕혜옹주|곡성|다이노X 탐험대|희생부활자|엽기적인 그녀 2|대배우|무수단|남과 여|순정|번개맨|검사외전|로봇, 소리|조선마술사|내부자들|미안해 사랑해 고마워|그놈이다|특종: 량첸살인기|서부전선|기적의 피아노|간신|극비수사|경성학교: 사라진 소녀들|연애의 맛|조선명탐정 : 사라진 놉의 딸|내 심장을 쏴라|워킹걸|기술자들|상의원|쥬로링 동물탐정 극장판|덕수리 5형제|거인|카트|나의 독재자|타짜-신의 손|해적: 바다로 간 산적|신의 한 수|소녀괴담|도희야|역린|내 연애의 기억|군도: 민란의 시대|산타바바라|끝까지 간다|한공주|관능의 법칙|조선미녀삼총사|용의자|캐치미|친구 2|소원|은밀하게 위대하게|전국노래자랑|노리개|분노의 윤리학|남쪽으로 튀어|가문의 영광5 - 가문의 귀환|음치 클리닉 |자칼이 온다|강철대오:구국의 철가방|간첩|공모자들|이웃사람|후궁 : 제왕의 첩|건축학개론"
신지원,,,제작관리,백두산|신의 한 수: 귀수편|나쁜 녀석들: 더 무비|엑시트|기생충|클로젯|걸캅스|사바하|극한직업
박미나,,,제작회계,백두산|신의 한 수: 귀수편|나쁜 녀석들: 더 무비|엑시트|기생충|클로젯|걸캅스|사바하|극한직업
윤현우,,,제작관리,백두산|신의 한 수: 귀수편|나쁜 녀석들: 더 무비|엑시트|기생충|클로젯|걸캅스|사바하|극한직업
설영욱,,,제작관리,백두산|신의 한 수: 귀수편|나쁜 녀석들: 더 무비|엑시트|기생충|클로젯|걸캅스|사바하|극한직업
정동완,,,제작관리,백두산|신의 한 수: 귀수편|나쁜 녀석들: 더 무비|엑시트|기생충|클로젯|걸캅스|사바하|극한직업
황경일,,,제작,백두산|신의 한 수: 귀수편|나쁜 녀석들: 더 무비|엑시트|기생충|클로젯|걸캅스|사바하|극한직업
박도윤,,,제작관리,백두산|신의 한 수: 귀수편|나쁜 녀석들: 더 무비|엑시트|기생충|클로젯|걸캅스|사바하|극한직업
함혜성,,,제작관리,백두산|신의 한 수: 귀수편|나쁜 녀석들: 더 무비|엑시트|기생충|클로젯|걸캅스|사바하|극한직업
강다형,,,제작관리,백두산|신의 한 수: 귀수편|나쁜 녀석들: 더 무비|클로젯|걸캅스|극한직업
유정현,,,제작관리,신의 한 수: 귀수편|나쁜 녀석들: 더 무비|클로젯|걸캅스|극한직업
백재민,,,제작관리,백두산|신의 한 수: 귀수편|나쁜 녀석들: 더 무비|클로젯|걸캅스|극한직업
최영주,,,제작관리,발신제한|백두산|신의 한 수: 귀수편|나쁜 녀석들: 더 무비|클로젯|걸캅스|극한직업
김조환,,,제작관리,백두산|신의 한 수: 귀수편|나쁜 녀석들: 더 무비|클로젯|걸캅스|극한직업
정희선,,,제작관리,방법: 재차의|백두산|신의 한 수: 귀수편|나쁜 녀석들: 더 무비|클로젯|걸캅스|극한직업
이현주,,,제작관리,방법: 재차의|신의 한 수: 귀수편|나쁜 녀석들: 더 무비|클로젯|걸캅스|극한직업
이선미,LEE Sun-mi,LEE Sun-mi,제작,방법: 재차의|백두산|신의 한 수: 귀수편|나쁜 녀석들: 더 무비|클로젯|악질경찰|극한직업|조선명탐정: 흡혈괴마의 비밀|경성학교: 사라진 소녀들|조선명탐정 : 사라진 놉의 딸|두 번의 결혼식과 한 번의 장례식|탈주
권현이,,,기획진행,나쁜 녀석들: 더 무비|극한직업
김연하,,,기획진행,방법: 재차의|발신제한|백두산|신의 한 수: 귀수편|나쁜 녀석들: 더 무비|클로젯|극한직업
기종서,,,기획진행,백두산|신의 한 수: 귀수편|나쁜 녀석들: 더 무비|클로젯|극한직업
최윤정,,,제작관리,방법: 재차의|발신제한|백두산|신의 한 수: 귀수편|나쁜 녀석들: 더 무비|극한직업
이재인,,,투자,방법: 재차의|발신제한|백두산|신의 한 수: 귀수편|나쁜 녀석들: 더 무비|엑시트|기생충|뽀로로 극장판 보물섬 대모험|걸캅스|사바하|극한직업
이영주,,,투자,방법: 재차의|발신제한|백두산|신의 한 수: 귀수편|나쁜 녀석들: 더 무비|엑시트|기생충|걸캅스|사바하|극한직업
황수선,,,기획,방법: 재차의|발신제한|백두산|신의 한 수: 귀수편|나쁜 녀석들: 더 무비|엑시트|기생충|걸캅스|사바하|극한직업
김현성,,,기획진행,백두산|신의 한 수: 귀수편|나쁜 녀석들: 더 무비|클로젯|극한직업
황승민,,,프로듀서,백두산|신의 한 수: 귀수편|나쁜 녀석들: 더 무비|엑시트|기생충|클로젯|걸캅스|사바하|극한직업
권익현,,,프로듀서,방법: 재차의|발신제한|백두산|신의 한 수: 귀수편|나쁜 녀석들: 더 무비|엑시트|기생충|클로젯|걸캅스|사바하|극한직업
정누리,,,프로듀서,백두산|신의 한 수: 귀수편|나쁜 녀석들: 더 무비|엑시트|기생충|클로젯|걸캅스|사바하|극한직업
이기연,,,제작,백두산|신의 한 수: 귀수편|나쁜 녀석들: 더 무비|엑시트|기생충|클로젯|걸캅스|사바하|극한직업
정태선,,,프로듀서,방법: 재차의|발신제한|백두산|신의 한 수: 귀수편|나쁜 녀석들: 더 무비|엑시트|기생충|클로젯|걸캅스|사바하|극한직업
조한빛,,,프로듀서,방법: 재차의|발신제한|서복|백두산|신의 한 수: 귀수편|나쁜 녀석들: 더 무비|엑시트|기생충|클로젯|걸캅스|사바하|극한직업|형
윤민기,,,프로듀서,방법: 재차의|발신제한|백두산|신의 한 수: 귀수편|나쁜 녀석들: 더 무비|엑시트|기생충|클로젯|걸캅스|사바하|극한직업
김현우,,,기획,방법: 재차의|발신제한|백두산|신의 한 수: 귀수편|나쁜 녀석들: 더 무비|엑시트|기생충|클로젯|걸캅스|사바하|극한직업
오혜림,,,제작,방법: 재차의|발신제한|백두산|신의 한 수: 귀수편|나쁜 녀석들: 더 무비|엑시트|기생충|클로젯|걸캅스|사바하|극한직업
모준표,,,프로듀서,백두산|신의 한 수: 귀수편|나쁜 녀석들: 더 무비|엑시트|기생충|클로젯|걸캅스|극한직업
최연우,,,프로듀서,방법: 재차의|발신제한|백두산|신의 한 수: 귀수편|나쁜 녀석들: 더 무비|엑시트|기생충|클로젯|걸캅스|사바하|극한직업
정선경,,,배급진행,방법: 재차의|발신제한|백두산|신의 한 수: 귀수편|나쁜 녀석들: 더 무비|엑시트|기생충|클로젯|걸캅스|사바하|극한직업
황본,,,배급진행,방법: 재차의|발신제한|백두산|신의 한 수: 귀수편|나쁜 녀석들: 더 무비|엑시트|기생충|클로젯|걸캅스|사바하|극한직업
권효민,,,배급진행,백두산|신의 한 수: 귀수편|나쁜 녀석들: 더 무비|엑시트|기생충|클로젯|걸캅스|사바하|극한직업
최우현,,,배급진행,백두산|신의 한 수: 귀수편|나쁜 녀석들: 더 무비|엑시트|기생충|클로젯|걸캅스|사바하|극한직업
이홍대,,,배급진행,방법: 재차의|발신제한|백두산|신의 한 수: 귀수편|나쁜 녀석들: 더 무비|엑시트|기생충|클로젯|걸캅스|사바하|극한직업|중천
박은,,,배급진행,방법: 재차의|발신제한|백두산|신의 한 수: 귀수편|나쁜 녀석들: 더 무비|엑시트|기생충|걸캅스|사바하|극한직업
박지은,,,배급진행,백두산|신의 한 수: 귀수편|나쁜 녀석들: 더 무비|엑시트|기생충|클로젯|걸캅스|사바하|극한직업
박정숙,,,배급진행,방법: 재차의|발신제한|백두산|신의 한 수: 귀수편|나쁜 녀석들: 더 무비|엑시트|기생충|클로젯|걸캅스|사바하|극한직업
서재현,,,배급진행,방법: 재차의|발신제한|백두산|신의 한 수: 귀수편|나쁜 녀석들: 더 무비|엑시트|기생충|클로젯|걸캅스|사바하|극한직업
최윤희,,,배급진행,백두산|신의 한 수: 귀수편|나쁜 녀석들: 더 무비|엑시트|기생충|클로젯|걸캅스|사바하|극한직업
고경범,,,배급진행,방법: 재차의|발신제한|백두산|신의 한 수: 귀수편|나쁜 녀석들: 더 무비|클로젯|극한직업
안유진,,,제작관리,방법: 재차의|발신제한|백두산|신의 한 수: 귀수편|나쁜 녀석들: 더 무비|엑시트|기생충|클로젯|걸캅스|사바하|극한직업
김다정,,,제작관리,방법: 재차의|백두산|신의 한 수: 귀수편|나쁜 녀석들: 더 무비|엑시트|기생충|클로젯|걸캅스|사바하|극한직업
윤인호,,,홍보/마케팅 진행,백두산|신의 한 수: 귀수편|나쁜 녀석들: 더 무비|엑시트|클로젯|걸캅스|극한직업|방황하는 칼날|그 강아지 그 고양이
신윤용,,,홍보/마케팅 진행,백두산|신의 한 수: 귀수편|나쁜 녀석들: 더 무비|엑시트|클로젯|걸캅스|극한직업
공진주,,,홍보/마케팅 진행,방법: 재차의|발신제한|백두산|신의 한 수: 귀수편|나쁜 녀석들: 더 무비|엑시트|기생충|클로젯|걸캅스|사바하|극한직업
조혜린,,,홍보/마케팅 진행,방법: 재차의|발신제한|백두산|신의 한 수: 귀수편|나쁜 녀석들: 더 무비|엑시트|기생충|클로젯|걸캅스|사바하|극한직업
송정현,,,홍보/마케팅 진행,방법: 재차의|발신제한|백두산|신의 한 수: 귀수편|나쁜 녀석들: 더 무비|엑시트|기생충|클로젯|걸캅스|사바하|극한직업
박슬기,,,홍보/마케팅 진행,방법: 재차의|발신제한|백두산|신의 한 수: 귀수편|나쁜 녀석들: 더 무비|엑시트|기생충|클로젯|걸캅스|사바하|극한직업
안지연,,,홍보/마케팅 진행,백두산|신의 한 수: 귀수편|나쁜 녀석들: 더 무비|엑시트|기생충|클로젯|걸캅스|사바하|극한직업|조선명탐정 : 각시투구꽃의 비밀|아저씨|웨딩드레스|용의주도 미스신|어깨 너머의 연인|죽어도 해피엔딩|이장과 군수|천하장사 마돈나
임경미,,,홍보/마케팅 진행,방법: 재차의|발신제한|백두산|신의 한 수: 귀수편|나쁜 녀석들: 더 무비|엑시트|기생충|클로젯|걸캅스|사바하|극한직업|Mr.로빈 꼬시기
김주영,Kim Ju-young,Kim Ju-young,홍보/마케팅 진행,방법: 재차의|발신제한|백두산|신의 한 수: 귀수편|나쁜 녀석들: 더 무비|엑시트|기생충|클로젯|걸캅스|사바하|극한직업|대호|열정같은소리하고있네|스물|허삼관|빅매치|패션왕|나의 사랑 나의 신부|인간중독|변호인|뫼비우스|숨바꼭질|뜨거운 안녕|무게|런닝맨|연리지|야수와 미녀|와이키키 브라더스
이윤지,,,홍보/마케팅 진행,방법: 재차의|발신제한|백두산|신의 한 수: 귀수편|나쁜 녀석들: 더 무비|엑시트|기생충|클로젯|걸캅스|사바하|극한직업
박은주,,,홍보/마케팅 진행,방법: 재차의|발신제한|백두산|신의 한 수: 귀수편|나쁜 녀석들: 더 무비|엑시트|기생충|클로젯|계절과 계절 사이|걸캅스|사바하|극한직업|청춘학당 : 풍기문란 보쌈 야사|지옥화|아버지는 개다
김정연,,,홍보/마케팅 진행,인질|방법: 재차의|발신제한|미션 파서블|디바|오케이 마담|백두산|신의 한 수: 귀수편|나쁜 녀석들: 더 무비|엑시트|기생충|클로젯|걸캅스|사바하|극한직업|아이스케키|댄서의 순정|인형사|엽기적인 그녀|교도소 월드컵
강은경,,,홍보/마케팅 진행,백두산|신의 한 수: 귀수편|나쁜 녀석들: 더 무비|엑시트|기생충|클로젯|걸캅스|사바하|극한직업|방황하는 칼날|티끌모아 로맨스|파수꾼
이병희,,,액션/스턴트팀,보이스|인질|액션히어로|미드나이트|반도|피원에이치 : 새로운 세계의 시작 |오케이 마담|#살아있다|결백|천문: 하늘에 묻는다|백두산|시동|타짜: 원 아이드 잭|나쁜 녀석들: 더 무비|광대들: 풍문조작단|악인전|걸캅스|사바하|극한직업|말모이|PMC: 더 벙커|스윙키즈|성난황소|동네사람들|인랑|마약왕|신과함께-인과 연|지금 만나러 갑니다|염력|미옥|남한산성|범죄도시|군함도|대립군|불한당: 나쁜 놈들의 세상|원라인|프리즌|조작된 도시|목숨 건 연애|스플릿|밀정|부산행|잡아야 산다|대호
전재형,JEON Jae-hyeong,JEON Jae-hyeong,액션/스턴트팀,"보이스|미드나이트|오케이 마담|#살아있다|이장|백두산|시동|나쁜 녀석들: 더 무비|엑시트|롱 리브 더 킹: 목포 영웅|지푸라기라도 잡고 싶은 짐승들|극한직업|PMC: 더 벙커|도어락|동네사람들|원더풀 고스트|인랑|신과함께-인과 연|챔피언|염력|범죄도시|남한산성|군함도|대립군|조작된 도시|스플릿|아수라|밀정|부산행|난폭한 기록|동주|잡아야 산다|대호|암살|순수의 시대|사랑이 이긴다|베테랑|장수상회|스물|기술자들|설계|타짜-신의 손|신의 한 수|황제를 위하여|우는 남자|군도: 민란의 시대|들개|감기|감시자들|파파로티|스톤|전설의 주먹|베를린|도둑들|가비|범죄와의 전쟁: 나쁜놈들 전성시대|페이스메이커|황해|초능력자|살인의 강|해결사|주유소 습격사건 2|전우치|국가대표|박쥐|신기전|좋은 놈, 나쁜 놈, 이상한 놈 |강철중: 공공의 적 1-1|숙명|다찌마와리|챔피언 마빡이|우아한 세계|뚝방전설|영어완전정복"
심철민,,,액션/스턴트팀,인질|방법: 재차의|반도|오케이 마담|백두산|시동|나쁜 녀석들: 더 무비|광대들: 풍문조작단|변신|봉오동 전투|엑시트|악인전|클로젯|걸캅스|극한직업|PMC: 더 벙커|성난황소|인랑|7년의 밤|신과함께-인과 연|독전|염력|기억의 밤|미옥|대장 김창수|남한산성|브이아이피|군함도|악녀|대립군|보안관|부산행|페이스메이커|마이 웨이|오직 그대만|블라인드|황해|초능력자|집행자
양해길,,,액션/스턴트팀,"천문: 하늘에 묻는다|장사리 : 잊혀진 영웅들|나쁜 녀석들: 더 무비|봉오동 전투|엑시트|클로젯|극한직업|창궐|안시성|맞짱|물괴|신과함께-인과 연|조선명탐정: 흡혈괴마의 비밀|1987|남한산성|택시운전사|군함도|특별시민|불한당: 나쁜 놈들의 세상|판도라|고산자, 대동여지도|밀정|봉이 김선달|순수의 시대|황제를 위하여|역린|남자가 사랑할 때|연가시|가비|전우치|우아한 세계|괴물|한반도|국경의 남쪽|홀리데이|공공의 적 2|혈의 누|청풍명월(淸風明月)|보스 상륙 작전(Boss X File)|네발가락"
권병철,,,액션/스턴트팀,보이스|인질|모가디슈|반도|오케이 마담|#살아있다|결백|얼굴없는 보스: 못다한 이야기 감독판|천문: 하늘에 묻는다|백두산|시동|나를 찾아줘|얼굴없는 보스|나쁜 녀석들: 더 무비|광대들: 풍문조작단|봉오동 전투|악인전|클로젯|걸캅스|돈|뺑반|극한직업|말모이|PMC: 더 벙커|도어락|성난황소|동네사람들|인랑|마약왕|신과함께-인과 연|챔피언|염력|강철비|범죄도시|남한산성|군함도|대립군|불한당: 나쁜 놈들의 세상
윤성민,,,액션/스턴트팀,"인질|액션히어로|반도|피원에이치 : 새로운 세계의 시작 |오케이 마담|결백|백두산|시동|퍼펙트맨|나쁜 녀석들: 더 무비|변신|광대들: 풍문조작단|엑시트|악인전|클로젯|걸캅스|뺑반|극한직업|말모이|PMC: 더 벙커|성난황소|동네사람들|원더풀 고스트|인랑|7년의 밤|마약왕|공작|신과함께-인과 연|챔피언|골든슬럼버|염력|강철비|기억의 밤|미옥|남한산성|군함도|악녀|원라인|프리즌|그래, 가족|조작된 도시|마스터|스플릿|아수라|고산자, 대동여지도|밀정|터널|부산행|난폭한 기록|희생부활자|아빠가 돌아왔다|검사외전|대호|검은 사제들|암살|권법형사 : 차이나타운|순수의 시대|베테랑|내 심장을 쏴라|덕수리 5형제|빅매치|타짜-신의 손|해무(海霧)|신의 한 수|황제를 위하여|우는 남자|군도: 민란의 시대|몽타주"
이윤정,LEE Yun-jeong,LEE Yun-jeong,특수의상,"발신제한|낫아웃|서복|강철비2: 정상회담|백두산|나쁜 녀석들: 더 무비|변신|악질경찰|극한직업|레슬러|목격자|독전|염력|강철비|반드시 잡는다|꾼|브이아이피|불한당: 나쁜 놈들의 세상|프리즌|비정규직 특수요원|공조|사랑하기 때문에|아수라|섬. 사라진 사람들|검사외전|성난 변호사|쓰리 썸머 나잇|무뢰한|살인의뢰|기술자들|빅매치|카트|타짜-신의 손|도희야|인간중독|표적|하이힐|끝까지 간다|방황하는 칼날|하이프 네이션 : 힙합사기꾼|용의자|천안함 프로젝트|감기|더 테러 라이브|은밀하게 위대하게|공범|스파이|더 웹툰: 예고살인|전설의 주먹|런닝맨|7번방의 선물|타워|반창꼬|용의자X|회사원|점쟁이들|간첩|연가시|아부의 왕|미운오리새끼|코리아|댄싱퀸|부러진 화살|퍼펙트 게임|특수본|의뢰인|통증|퀵|모비딕|헤드|체포왕|써니|적과의 동침|로맨틱 헤븐|글러브|황해|페스티발|부당거래|무적자|인플루언스|악마를 보았다|이끼|베스트셀러|육혈포 강도단|무법자|하모니|주유소 습격사건 2|용서는 없다|홍길동의 후예|집행자|킬 미|파주|굿모닝 프레지던트|해운대|로니를 찾아서|마더|인사동 스캔들|탈주|차우|7급 공무원|유감스러운 도시|달콤한 거짓말|눈에는 눈 이에는 이|전투의 매너|색다른 동거|추격자|대한이, 민국씨|슈퍼맨이었던 사나이|무방비도시|상사부일체|권순분여사 납치사건|해부학 교실|검은 집|수|쏜다|그놈 목소리|가을로|마음이...|거룩한 계보|구미호 가족|우리들의 행복한 시간|괴물|홀리데이|미스터 소크라테스|사랑니|잠복근무|귀신이 산다|싱글즈|귀 鬼(鬼소년 편)|인류 멸망 보고서 '멋진 신세계'"
김동휘,KIM Dong-hwi,KIM Dong-hwi,세트미술팀,"조제|나쁜 녀석들: 더 무비|변신|크게 될 놈|극한직업|출국|속닥속닥|염력|유리정원|리얼|조작된 도시|사랑하기 때문에|두 남자|스플릿|아수라|곡성|탐정 홍길동: 사라진 마을|해어화|시간이탈자|번개맨|도리화가|함정|미쓰 와이프|손님|조선명탐정 : 사라진 놉의 딸|우리는 형제입니다|로사 |용의자|화이: 괴물을 삼킨 아이|뫼비우스|청춘정담|런닝맨|전우치|내 사랑 내 곁에|국가대표|인사동 스캔들|차우|크로싱|동거, 동락|내 사랑|색즉시공 시즌2|두 얼굴의 여친|두 사람이다|꽃미남 연쇄 테러 사건|Mr.로빈 꼬시기|제니, 주노"
민상동,,,세트미술팀,나쁜 녀석들: 더 무비|변신|봉오동 전투|극한직업
양훈섭,Yang Hunsub,Yang Hunsub,세트미술팀,"방법: 재차의|조제|내가 죽던 날|얼굴없는 보스|나쁜 녀석들: 더 무비|변신|봉오동 전투|기방도령|악질경찰|극한직업|출국|명당|너의 결혼식|조선명탐정: 흡혈괴마의 비밀|머니백|살인자의 기억법|스플릿|곡성|대역전|로봇, 소리|인 허 플레이스|도리화가|함정|미쓰 와이프|타투|라이브 TV|성실한 나라의 앨리스|손님|조선명탐정 : 사라진 놉의 딸|빅매치|봄|우리는 형제입니다|폴라로이드|막걸스|열한시|뫼비우스|고령화 가족|런닝맨|복숭아나무|건축학개론|화차|가시|Mr.아이돌|완득이|카운트다운|풍산개|페스티발|돌이킬 수 없는|심야의 F.M.|무적자|아저씨|베스트셀러|된장|전우치|내 사랑 내 곁에|마린보이|키친|크로싱|다찌마와리|동거, 동락|내 사랑|색즉시공 시즌2|어깨 너머의 연인|행복|두 얼굴의 여친|두 사람이다|만남의 광장|꽃미남 연쇄 테러 사건|도레미파솔라시도|조용한 세상|Mr.로빈 꼬시기|사랑 따윈 필요 없어|청춘만화|방과후 옥상|인류 멸망 보고서 '해피 버스 데이'"
김동섭,,,세트팀,"나쁜 녀석들: 더 무비|변신|봉오동 전투|극한직업|지금 만나러 갑니다|브이아이피|시간위의 집|인천상륙작전|박수건달|반창꼬|돈 크라이 마미|광해, 왕이 된 남자|후궁 : 제왕의 첩|혈투|포화속으로|미인도|고고 70|멋진 하루|무림여대생|걸스카우트|라듸오 데이즈|기다리다 미쳐|마이 파더|못말리는 결혼|뷰티풀 선데이|마음이...|음란서생|클래식"
임현묵,IM Hyeon-muk,IM Hyeon-muk,세트팀,나쁜 녀석들: 더 무비|변신|봉오동 전투|극한직업|지금 만나러 갑니다|브이아이피|군함도|시간위의 집|임금님의 사건수첩|공조|인천상륙작전|특별수사: 사형수의 편지|도리화가|함정|조선명탐정 : 사라진 놉의 딸|하이힐|마이 웨이|초능력자|요술|미인도|고고 70|무림여대생|걸스카우트|라듸오 데이즈|기다리다 미쳐|마이 파더|못말리는 결혼|투 가이즈|클래식|몽정기
임상철,,,세트팀,나쁜 녀석들: 더 무비|변신|봉오동 전투|극한직업|명당|조선명탐정: 흡혈괴마의 비밀|왕을 참하라|살인자의 기억법|상의원|청춘정담|허브|가문의 부활 - 가문의 영광3
김정식,,,세트팀,"이웃사촌|소리도 없이|#살아있다|우리를 갈라놓는 것들|나쁜 녀석들: 더 무비|변신|봉오동 전투|사자|악질경찰|극한직업|명당|7년의 밤|너의 결혼식|조선명탐정: 흡혈괴마의 비밀|군함도|머니백|살인자의 기억법|스플릿|대역전|로봇, 소리|도리화가|함정|미쓰 와이프|타투|라이브 TV|성실한 나라의 앨리스|경성학교: 사라진 소녀들|조선명탐정 : 사라진 놉의 딸|쎄시봉|빅매치|폴라로이드|용의자|열한시|톱스타|화이: 괴물을 삼킨 아이|48미터|런닝맨|26년|늑대소년|강철대오:구국의 철가방|점쟁이들|시체가 돌아왔다|모비딕|우리 이웃의 범죄|조선명탐정 : 각시투구꽃의 비밀|작전|수|마음이...|미스터 주부퀴즈왕"
이호준,,,세트팀,"조제|히트맨|나쁜 녀석들: 더 무비|변신|봉오동 전투|악질경찰|극한직업|명당|조선명탐정: 흡혈괴마의 비밀|머니백|살인자의 기억법|대역전|로봇, 소리|함정|손님|조선명탐정 : 사라진 놉의 딸|호로비츠를 위하여|꽃피는 봄이 오면"
한경욱,,,조명팀,"새해전야|국제수사|검객|서복|자산어보|나쁜 녀석들: 더 무비|미스터 주: 사라진 VIP|증인|극한직업|인랑|목격자|반드시 잡는다|꾼|아이 캔 스피크|장산범|길|조작된 도시|마스터|당신, 거기 있어줄래요|아수라|고산자, 대동여지도|덕혜옹주|탐정 홍길동: 사라진 마을|특별수사: 사형수의 편지|시간이탈자|대배우|좋아해줘|그날의 분위기|도리화가|성난 화가|은밀한 유혹|악의 연대기|차이나타운|폴라로이드|명량|파파로티|공범|자칼이 온다|광해, 왕이 된 남자|후궁 : 제왕의 첩|마이 웨이|너는 펫|커플즈|별 모양의 얼룩|무서운 이야기 2 '탈출'"
임세운,,,배우,나쁜 녀석들: 더 무비|봉오동 전투|극한직업|계몽영화
이형길,,,액션/스턴트팀,"인질|천문: 하늘에 묻는다|나쁜 녀석들: 더 무비|봉오동 전투|엑시트|클로젯|극한직업|맞짱|인랑|조선명탐정: 흡혈괴마의 비밀|염력|남한산성|군함도|대립군|불한당: 나쁜 놈들의 세상|밀정|고산자, 대동여지도|희생부활자|순수의 시대|덕수리 5형제|황제를 위하여|역린|런닝맨|후궁 : 제왕의 첩|가비|퍼펙트 게임|써니|폐가|용서는 없다|숙명|1번가의 기적|예의없는 것들|괴물|한반도|국경의 남쪽|홀리데이|강적|공공의 적 2|귀여워|나두야 간다|동해물과 백두산이|최후의 만찬|내츄럴시티|블루|휘파람공주|광복절 특사|굳세어라 금순아|성냥팔이 소녀의 재림|라이터를 켜라|예스터데이|두사부일체|흑수선|광시곡"
박광설,PARK Gwang-seol,PARK Gwang-seol,액션/스턴트팀,천문: 하늘에 묻는다|나쁜 녀석들: 더 무비|봉오동 전투|엑시트|클로젯|극한직업|신과함께-인과 연|염력|기억의 밤|남한산성|군함도|봉이 김선달|순수의 시대|메이드 인 차이나|국제시장|두근두근 내 인생|황제를 위하여|역린|연가시|구르믈 버서난 달처럼|숙명|우아한 세계|괴물|태풍|게임오버|고수
권지훈,KWON Jee-hoon,KWON Jee-hoon,액션/스턴트코디네이터,"반도|천문: 하늘에 묻는다|백두산|시동|나쁜 녀석들: 더 무비|광대들: 풍문조작단|봉오동 전투|엑시트|롱 리브 더 킹: 목포 영웅|기생충|나의 특별한 형제|돈|뺑반|극한직업|말모이|PMC: 더 벙커|스윙키즈|성난황소|인랑|마약왕|챔피언|골든슬럼버|염력|강철비|7호실|미옥|남한산성|범죄도시|브이아이피|군함도|악녀|대립군|불한당: 나쁜 놈들의 세상|조작된 도시|목숨 건 연애|형|아수라|밀정|고산자, 대동여지도|부산행|난폭한 기록|검사외전|대호|더 폰|암살|순수의 시대|제 7기사단|베테랑|차이나타운|장수상회|스물|오늘의 연애|기술자들|봄|두근두근 내 인생|타짜-신의 손|신의 한 수|황제를 위하여|우는 남자|군도: 민란의 시대|남자가 사랑할 때|변호인|감시자들|파파로티|신세계|공모자들|이웃사람|도둑들|미쓰GO|가비|범죄와의 전쟁: 나쁜놈들 전성시대|오직 그대만|푸른소금|황해|초능력자|해결사|박쥐|신기전|숙명|다찌마와리|가면|권순분여사 납치사건|챔피언 마빡이|가을로|뚝방전설|바람의 파이터|아라한 장풍대작전|태극기 휘날리며|훈련소 가는 길"
안성봉,AHN Seong-bong,AHN Seong-bong,배우,싱크홀|히트맨|해치지않아|나쁜 녀석들: 더 무비|비스트|기생충|악인전|미스터 주: 사라진 VIP|걸캅스|증인|뺑반|극한직업|PMC: 더 벙커|명당|협상|인랑|독전|그것만이 내 세상|침묵|청년경찰|옥자|불한당: 나쁜 놈들의 세상|아가씨
천준호,,,액션/스턴트팀,보이스|모가디슈|소리도 없이|반도|#살아있다|천문: 하늘에 묻는다|나를 찾아줘|나쁜 녀석들: 더 무비|타짜: 원 아이드 잭|변신|광대들: 풍문조작단|봉오동 전투|엑시트|기생충|악인전|클로젯|나의 특별한 형제|뺑반|극한직업|말모이|PMC: 더 벙커|스윙키즈|도어락|국가부도의 날|공작|신과함께-인과 연|골든슬럼버|염력|강철비|기억의 밤|반드시 잡는다|미옥|남한산성|범죄도시|아이 캔 스피크|브이아이피|군함도|악녀|대립군|보안관|조작된 도시|목숨 건 연애|아수라|밀정|덕혜옹주|부산행|곡성|난폭한 기록|희생부활자|미씽: 사라진 여자|잡아야 산다|대호|암살|권법형사 : 차이나타운|성난 화가|순수의 시대|사랑이 이긴다|착한 여자|쎄시봉|기술자들|해무(海霧)|신의 한 수|황제를 위하여|군도: 민란의 시대|들개|감기|파파로티|전설의 주먹|남쪽으로 튀어|베를린|도둑들|가비|훈련소 가는 길
이왕수,,,배우,스웨그|히트맨|나쁜 녀석들: 더 무비|극한직업
이수민,,,액션/스턴트팀,"좀비크러쉬: 헤이리|반도|피원에이치 : 새로운 세계의 시작 |오케이 마담|강철비2: 정상회담|결백|백두산|타짜: 원 아이드 잭|나쁜 녀석들: 더 무비|광대들: 풍문조작단|봉오동 전투|엑시트|악인전|걸캅스|극한직업|PMC: 더 벙커|스윙키즈|성난황소|인랑|마약왕|강철비|미옥|남한산성|범죄도시|군함도|악녀|대립군|보안관|원라인|프리즌|조작된 도시|목숨 건 연애|아수라|고산자, 대동여지도|밀정|덕혜옹주|부산행|난폭한 기록|검사외전|대호|검은 사제들|비밀|성난 변호사|암살|권법형사 : 차이나타운|순수의 시대|착한 여자|기술자들|해무(海霧)|유령|군도: 민란의 시대|변호인|스톤|전설의 주먹|남쪽으로 튀어|베를린|미쓰GO|훈련소 가는 길"
고봉구,,,배우,이웃사촌|나쁜 녀석들: 더 무비|나의 특별한 형제|극한직업
정인성,,,조명팀,새해전야|검객|소리꾼|침입자|남산의 부장들|퍼펙트맨|타짜: 원 아이드 잭|나랏말싸미|배심원들|극한직업|도어락|협상|목격자|아이 캔 스피크|탐정 홍길동: 사라진 마을|그날의 분위기|도리화가|함정|악의 연대기|차이나타운
정윤성,,,액션/스턴트팀,보이스|이웃사촌|반도|#살아있다|결백|얼굴없는 보스: 못다한 이야기 감독판|천문: 하늘에 묻는다|백두산|시동|얼굴없는 보스|나쁜 녀석들: 더 무비|변신|광대들: 풍문조작단|봉오동 전투|엑시트|롱 리브 더 킹: 목포 영웅|악인전|지푸라기라도 잡고 싶은 짐승들|걸캅스|뺑반|극한직업|말모이|PMC: 더 벙커|스윙키즈|성난황소|인랑|챔피언|염력|강철비|기억의 밤|미옥|범죄도시|남한산성|브이아이피|대립군|불한당: 나쁜 놈들의 세상|조작된 도시|마스터|아수라|부산행|난폭한 기록|검사외전|대호|검은 사제들|암살|순수의 시대|베테랑|내 심장을 쏴라|기술자들|타짜-신의 손|해무(海霧)|신의 한 수|황제를 위하여|군도: 민란의 시대|변호인|화이: 괴물을 삼킨 아이|감시자들|몽타주|전설의 주먹|신세계|도둑들|가비|페이스메이커|푸른소금|황해|초능력자|부당거래|해결사|아기와 나|잘못된 만남|우아한 세계|뚝방전설|괴물|짝패
장지영,,,광고디자인,미션 파서블|담보|오! 문희|호텔 레이크|오케이 마담|신비아파트 극장판 하늘도깨비 대 요르문간드|감쪽같은 그녀|82년생 김지영|엑시트|미스터 주: 사라진 VIP|극한직업|내안의 그놈|탐정: 리턴즈|챔피언|사라진 밤|그것만이 내 세상|신과함께-죄와 벌|부라더|극장판 또봇: 로봇군단의 습격|어느날|보통사람|목숨 건 연애|형|봉이 김선달|위대한 소원|커터|궁합|좋아해줘|울보|탐정 : 더 비기닝|영도|고양이 장례식|누구에게나 찬란한|돼지 같은 여자|레드카펫|수상한 그녀|변호인|몽타주|스파이|7번방의 선물|반창꼬|돈 크라이 마미|점쟁이들|연가시|차형사|나는 공무원이다|러브픽션|가문의 영광4 - 가문의 수난|퀵|화이트: 저주의 멜로디|수상한 고객들|아이들...|헬로우 고스트|식객2 : 김치전쟁|헬로우 마이 러브|이태원 살인사건|흑심모녀|식객|애정결핍이 두 남자에게 미치는 영향|풍뎅이뎅이
이승창,,,액션/스턴트팀,인질|방법: 재차의|미드나이트|반도|피원에이치 : 새로운 세계의 시작 |#살아있다|천문: 하늘에 묻는다|백두산|퍼펙트맨|나쁜 녀석들: 더 무비|광대들: 풍문조작단|봉오동 전투|엑시트|롱 리브 더 킹: 목포 영웅|기생충|악인전|지푸라기라도 잡고 싶은 짐승들|걸캅스|극한직업|말모이|PMC: 더 벙커|도어락|성난황소|원더풀 고스트|인랑|공작|골든슬럼버|염력|미옥|남한산성|브이아이피|군함도|악녀|대립군|원라인|프리즌|밀정|부산행
성소원,,,분장,장르만 로맨스|침입자|나쁜 녀석들: 더 무비|극한직업|바람 바람 바람|머니백|더티 로맨스|계춘할망|치명도수: RESET|나는 쓰레기다|동주|프랑스 영화처럼|친애하는 지도자동지께|스피드|조류인간|설해|배우는 배우다|비상구|바비|스타: 빛나는 사랑|육혈포 강도단|수|범죄의 재구성|은장도
임명균,,,투자,보이스|방법: 재차의|발신제한|다만 악에서 구하소서|백두산|신의 한 수: 귀수편|나쁜 녀석들: 더 무비|기생충|클로젯|걸캅스|사바하|극한직업
한동엽,,,투자,방법: 재차의|담보|서복|다만 악에서 구하소서|백두산|신의 한 수: 귀수편|나쁜 녀석들: 더 무비|기생충|걸캅스|사바하|극한직업
전명현,,,투자,나쁜 녀석들: 더 무비|기생충|걸캅스|사바하|극한직업
김옥진,,,투자,나쁜 녀석들: 더 무비|기생충|걸캅스|사바하|극한직업
황희연,,,투자,보이스|서복|백두산|신의 한 수: 귀수편|나쁜 녀석들: 더 무비|기생충|사바하|극한직업
구자철,,,투자,발신제한|담보|백두산|신의 한 수: 귀수편|나쁜 녀석들: 더 무비|기생충|걸캅스|사바하|극한직업
박춘원,,,투자,다만 악에서 구하소서|백두산|신의 한 수: 귀수편|나쁜 녀석들: 더 무비|기생충|걸캅스|사바하|극한직업
이진국,,,투자,서복|다만 악에서 구하소서|백두산|신의 한 수: 귀수편|나쁜 녀석들: 더 무비|기생충|걸캅스|사바하|극한직업
이희은,LEE Hee-eun,LEE Hee-eun,특수분장,"인질|방법: 재차의|모가디슈|담보|디바|오! 문희|반도|서복|다만 악에서 구하소서|#살아있다|남산의 부장들|해치지않아|백두산|나쁜 녀석들: 더 무비|봉오동 전투|엑시트|비스트|기생충|악인전|돌멩이|클로젯|악질경찰|돈|우상|사바하|뺑반|극한직업|말모이|PMC: 더 벙커|성난황소|명당|안시성|협상|상류사회|인랑|마녀|7년의 밤|마약왕|암수살인|물괴|공작|신과함께-인과 연|독전|치즈인더트랩|골든슬럼버|조선명탐정: 흡혈괴마의 비밀|염력|그것만이 내 세상|1987|신과함께-죄와 벌|강철비|미옥|대장 김창수|브이아이피|택시운전사|군함도|하루|대립군|석조저택 살인사건|살인자의 기억법|불한당: 나쁜 놈들의 세상|보안관|임금님의 사건수첩|조작된 도시|마스터|목숨 건 연애|판도라|혼숨|아수라|밀정|터널|덕혜옹주|부산행|아가씨|곡성|탐정 홍길동: 사라진 마을|미씽: 사라진 여자|럭키|비밀은 없다|해어화|검사외전|로봇, 소리|오빠생각|히말라야|대호|내부자들|검은 사제들|협녀, 칼의 기억|암살|간신|베테랑|경성학교: 사라진 소녀들|무뢰한|살인의뢰|강남 1970|허삼관|국제시장|마담 뺑덕|해무(海霧)|신의 한 수|황제를 위하여|우는 남자|역린|군도: 민란의 시대|끝까지 간다|방황하는 칼날|우아한 거짓말|남자가 사랑할 때|용의자|친구 2|동창생|화이: 괴물을 삼킨 아이|관상|감기|미스터 고|감시자들|더 웹툰: 예고살인|마이 라띠마|베를린|늑대소년|회사원|점쟁이들|광해, 왕이 된 남자|도둑들|연가시|후궁 : 제왕의 첩|미운오리새끼|하울링|범죄와의 전쟁: 나쁜놈들 전성시대|마이 웨이|오직 그대만|통증|아이들...|황해|페스티발|초능력자|부당거래|해결사|악마를 보았다|아저씨|비밀애|파주|토끼와 리저드|애자|불신지옥|마더|박쥐|쌍화점|눈에는 눈 이에는 이|좋은 놈, 나쁜 놈, 이상한 놈 |숙명|추격자|다찌마와리|헨젤과 그레텔|해부학 교실|검은 집|전설의 고향|그놈 목소리|조용한 세상|싸이보그지만 괜찮아|뚝방전설|천하장사 마돈나|괴물|짝패|강적|6월의 일기|소년, 천국에 가다|친절한 금자씨|남극일기|달콤한 인생|귀여워|우리 형|아라한 장풍대작전|태극기 휘날리며|4인용 식탁|청풍명월(淸風明月)|살인의 추억|지구를 지켜라|쓰리 몬스터|인류 멸망 보고서 '천상의 피조물' |인류 멸망 보고서 '멋진 신세계'"
정효연,,,광고디자인,담보|호텔 레이크|오케이 마담|신비아파트 극장판 하늘도깨비 대 요르문간드|감쪽같은 그녀|82년생 김지영|엑시트|미스터 주: 사라진 VIP|극한직업|루시드 드림|스플릿|슈퍼 프렌즈|나를 잊지 말아요|서부전선|명량: 회오리 바다를 향하여|슬로우 비디오|돈 크라이 마미|나는 공무원이다
이창준,,,액션/스턴트팀,인질|방법: 재차의|반도|오케이 마담|강철비2: 정상회담|#살아있다|결백|천문: 하늘에 묻는다|백두산|타짜: 원 아이드 잭|나쁜 녀석들: 더 무비|광대들: 풍문조작단|봉오동 전투|기생충|악인전|클로젯|걸캅스|나의 특별한 형제|극한직업|말모이|인랑|돌려차기
황정현,HWANG Jung-hyun,HWANG Jung-hyun,예고편,"인질|모가디슈|괴기맨숀|발신제한|아이|담보|디바|자산어보|다만 악에서 구하소서|강철비2: 정상회담|결백|시동|감쪽같은 그녀|나를 찾아줘|윤희에게|블랙머니|82년생 김지영|나랏말싸미|기생충|어린 의뢰인|왓칭|악질경찰|항거:유관순 이야기|극한직업|말모이|스윙키즈|인랑|7년의 밤|리틀 포레스트|공작|신과함께-인과 연|독전|1987|신과함께-죄와 벌|7호실|미옥|침묵|대장 김창수|아이 캔 스피크|시인의 사랑|브이아이피|택시운전사|박열|석조저택 살인사건|특별시민|어느날|보통사람|해빙|재심|아수라|밀정|올레|아가씨|미씽: 사라진 여자|남과 여|순정|동주|검사외전|나를 잊지 말아요|조선마술사|대호|미안해 사랑해 고마워|서부전선|쓰리 썸머 나잇|손님|경성학교: 사라진 소녀들|무뢰한|쎄시봉|더 테너 리리코 스핀토|맨홀|마담 뺑덕|좋은 친구들|도희야|소수의견|군도: 민란의 시대|방황하는 칼날|몬스터|남자가 사랑할 때|피끓는 청춘|변호인|그 강아지 그 고양이|친구 2|설국열차|공범|뒷담화: 감독이 미쳤어요|타워|이웃사람|마마|사랑한다, 사랑하지 않는다|아테나: 전쟁의 여신|만추|아이리스 더 무비|여배우들|호우시절|헬로우 마이 러브|미안하다 독도야|외톨이|눈에는 눈 이에는 이|경축! 우리사랑|사랑|트릴|언니가 이해하셔야 돼요|고마운 사람|배낭을 멘 소년 |종로, 겨울"
홍주만,,,액션/스턴트팀,"보이스|방법: 재차의|액션히어로|반도|#살아있다|봉오동 전투|극한직업|PMC: 더 벙커|스윙키즈|인랑|7년의 밤|신과함께-인과 연|염력|강철비|기억의 밤|미옥|남한산성|아이 캔 스피크|군함도|악녀|대립군|불한당: 나쁜 놈들의 세상|보안관|원라인|프리즌|조작된 도시|마스터|목숨 건 연애|형|아수라|밀정|고산자, 대동여지도|덕혜옹주|부산행|검사외전|대호"
허문희,,,홍보/마케팅 진행,방법: 재차의|내가 죽던 날|서복|사라진 시간|해치지않아|블랙머니|광대들: 풍문조작단|걸캅스|극한직업|협상|리얼|빅매치|늑대소년|수상한 고객들|이층의 악당|참을 수 없는|파괴된 사나이|요술|시|죽이고 싶은|폭풍전야|걸프렌즈
이육현,,,배우,소리도 없이|사라진 시간|극한직업
이운산,LEE Woon-san,LEE Woon-san,배우,"보이스|유체이탈자|광대들: 풍문조작단|극한직업|보안관|Mr.로빈 꼬시기|오늘, 우리|방 안의 코끼리"
이시연,Lee Si-youn,Lee Si-youn,홍보/마케팅 진행,방법: 재차의|내가 죽던 날|서복|사라진 시간|해치지않아|광대들: 풍문조작단|걸캅스|극한직업|협상|아이 캔 스피크|히말라야|암살|사도|스물|쎄시봉|국제시장|타짜-신의 손|해무(海霧)|하이힐|관능의 법칙|수상한 그녀|집으로 가는 길|배우는 배우다|더 테러 라이브|고령화 가족|전국노래자랑|공범|7번방의 선물|늑대소년|연가시|차형사|건축학개론|부러진 화살|써니|브라보! 재즈 라이프|악마를 보았다|여배우들|바르게 살자|아들|거룩한 계보|박수칠 때 떠나라|키다리 아저씨
이승현,,,촬영팀,"썰|초미의 관심사|하트|두번할까요|아워 바디|밤의 문이 열린다|극한직업|리벤져|뷰티풀 뱀파이어|챔피언|폭력의 씨앗|아기와 나|목숨 건 연애|전망 좋은 집 3|연애담|그물|역모-반란의 시대|문영|글로리데이|널 기다리며|개: dog eat dog|헬머니|의궤, 8일간의 축제 3D|환상속의 그대|페이스메이커|나는 아빠다|회오리 바람|그대로 멈춰라 |오늘, 우리|노맨스랜드|인류 멸망 보고서 '해피 버스 데이'"
이수빈,,,배급진행,방법: 재차의|발신제한|파이프라인|내일의 기억|아이들은 즐겁다|새해전야|세자매|소리도 없이|사라진 시간|침입자|해치지않아|사선의 끝|버티고|양자물리학|변신|진범|0.0MHz|걸캅스|사바하|극한직업|썬키스 패밀리
최춘범,CHOI Chun-beom,CHOI Chun-beom,액션/스턴트팀,인질|#살아있다|천문: 하늘에 묻는다|백두산|시동|퍼펙트맨|나쁜 녀석들: 더 무비|광대들: 풍문조작단|변신|봉오동 전투|엑시트|롱 리브 더 킹: 목포 영웅|악인전|뺑반|극한직업|PMC: 더 벙커|인랑|마약왕|신과함께-인과 연|염력|강철비|미옥|남한산성|군함도|대립군|불한당: 나쁜 놈들의 세상|보안관|프리즌|조작된 도시|아수라|터널|난폭한 기록|검사외전|대호|어떤살인|암살|권법형사 : 차이나타운|은밀한 유혹|기술자들|타짜-신의 손|황제를 위하여|화이: 괴물을 삼킨 아이|전설의 주먹|신세계|간첩|가비|오싹한 연애|오늘|오직 그대만|푸른소금|블라인드|황해|해결사|박쥐|초감각 커플|미인도|멋진 하루|숙명|권순분여사 납치사건|중천|누가 그녀와 잤을까?|열혈남아|가을로|짝패|홀리데이|야수와 미녀|첼로-홍미주 일가 살인사건|친절한 금자씨|공공의 적 2|혈의 누|주먹이 운다(Crying Fist)|가족|바람의 파이터|아는 여자|내츄럴시티|플라스틱 트리|지구를 지켜라|라이터를 켜라|친구
최의영,CHOI Eui-young,CHOI Eui-young,의상,"보이스|미드나이트|새해전야|디바|#살아있다|윤희에게|82년생 김지영|극한직업|미쓰백|허스토리|바람 바람 바람|머니백|혼숨|탐정 홍길동: 사라진 마을|치명도수: RESET|무수단|나를 잊지 말아요|4등|내 심장을 쏴라|우는 남자|소수의견|하이프 네이션 : 힙합사기꾼|용의자|세계일주|고스톱 살인|분노의 윤리학|복숭아나무|은교|화차|커플즈|체포왕|시라노; 연애조작단|해결사|김씨표류기|좋은 놈, 나쁜 놈, 이상한 놈 |뷰티풀 선데이|아내의 애인을 만나다|투사부일체|웰컴 투 동막골|내 여자친구를 소개합니다|낭만자객|청풍명월(淸風明月)|메모리즈"
이다희,,,홍보/마케팅 진행,방법: 재차의|내가 죽던 날|서복|사라진 시간|해치지않아|블랙머니|광대들: 풍문조작단|걸캅스|극한직업|챔피언|치즈인더트랩|반드시 잡는다|시간위의 집|머니백|괴물들|시소
옥진주,,,배급진행,방법: 재차의|발신제한|파이프라인|내일의 기억|아이들은 즐겁다|새해전야|세자매|소리도 없이|광주비디오: 사라진 4시간|초미의 관심사|백두산|신의 한 수: 귀수편|나쁜 녀석들: 더 무비|엑시트|기생충|왓칭|클로젯|진범|0.0MHz|걸캅스|사바하|극한직업|썬키스 패밀리
이성경,LEE Sung-kyung,LEE Sung-kyung,라인프로듀서,인질|나쁜 녀석들: 더 무비|극한직업|시인의 사랑|터널|탐정 홍길동: 사라진 마을|널 기다리며|좋은 친구들|노브레싱|미나문방구|사요나라 이츠카|베스트셀러|가장 빨리 달리는 남자
오석철,OH Seok-chul,OH Seok-chul,분장차,슈팅걸스|해치지않아|백두산|배심원들|증인|극한직업|PMC: 더 벙커|탐정: 리턴즈|버닝|신과함께-인과 연|신과함께-죄와 벌|기억의 밤|싱글라이더|국가대표 2|내부자들|탐정 : 더 비기닝|빅매치|슬로우 비디오|끝까지 간다|응징자|미스터 고|뜨거운 안녕|점쟁이들|두 번의 결혼식과 한 번의 장례식|체포왕|헬로우 고스트|감자심포니|고死 : 피의 중간고사|어린 왕자|어깨 너머의 연인|극락도 살인사건|경의선
양정연,,,VFX 아티스트,"인질|싱크홀|괴기맨숀|아이|#살아있다|히트맨|속물들|가장 보통의 연애|타짜: 원 아이드 잭|클로젯|미스터 주: 사라진 VIP|돈|극한직업|명당|리틀 포레스트|공작|흥부: 글로 세상을 바꾼 자|살인자의 기억법|미씽: 사라진 여자|로봇, 소리|오빠생각"
정은기,,,투자,디바|오케이 마담|장사리 : 잊혀진 영웅들|타짜: 원 아이드 잭|미스터 주: 사라진 VIP|극한직업
선호삼,,,액션/스턴트팀,인질|방법: 재차의|이웃사촌|반도|피원에이치 : 새로운 세계의 시작 |#살아있다|백두산|나쁜 녀석들: 더 무비|깡패들|광대들: 풍문조작단|변신|봉오동 전투|엑시트|롱 리브 더 킹: 목포 영웅|기생충|악인전|지푸라기라도 잡고 싶은 짐승들|클로젯|걸캅스|선희와 슬기|뺑반|극한직업|말모이|PMC: 더 벙커|성난황소|인랑|마약왕|공작|신과함께-인과 연|골든슬럼버|염력|반드시 잡는다|7호실|미옥|대장 김창수|범죄도시|남한산성|브이아이피|군함도|악녀|대립군|불한당: 나쁜 놈들의 세상|보안관|조작된 도시|목숨 건 연애|아수라|부산행|곡성|난폭한 기록|대호|극적인 하룻밤|더 폰|성난 변호사|암살|권법형사 : 차이나타운|은밀한 유혹|순수의 시대|스물|기술자들|타짜-신의 손|해무(海霧)|신의 한 수|황제를 위하여|군도: 민란의 시대|남자가 사랑할 때|화이: 괴물을 삼킨 아이|파파로티|신세계|베를린|도둑들|미쓰GO|가비|범죄와의 전쟁: 나쁜놈들 전성시대
서호철,SEO Ho-cheol,SEO Ho-cheol,배우,얼굴없는 보스: 못다한 이야기 감독판|얼굴없는 보스|블랙머니|극한직업|이월|내게 남은 사랑을|스타박'스 다방|프리즌|커튼콜|두 남자|워킹 스트리트|서울역|베토벤 메들리|졸업반|코인라커|스피드|스물|트러블 트레블러|노리개|차이나 블루|심장 박동
서병환,,,예고편,인질|모가디슈|괴기맨숀|발신제한|아이|국제수사|담보|디바|스토커|자산어보|다만 악에서 구하소서|강철비2: 정상회담|결백|시동|감쪽같은 그녀|나를 찾아줘|윤희에게|블랙머니|82년생 김지영|나랏말싸미|기생충|어린 의뢰인|사자|악질경찰|항거:유관순 이야기|극한직업|말모이|언니|스윙키즈|터닝메카드W: 반다인의 비밀 특별판|게이트|침입자|미스 푸줏간|터닝메카드W: 블랙미러의 부활|함정|아일랜드 - 시간을 훔치는 섬|스피드|십이야: 깊고 붉은 열두 개의 밤 Chapter1|따라지 : 비열한 거리|울언니|욕망의 독: 중독|지옥화|뒷담화: 감독이 미쳤어요|타워
김재훈,KIM Jae-hoon,KIM Jae-hoon,VFX 매니지먼트,디바|더하우스|장사리 : 잊혀진 영웅들|비스트|배심원들|돈|뺑반|극한직업|언니|스윙키즈|안시성|명당|마녀|레슬러|리틀 포레스트|공작|흥부: 글로 세상을 바꾼 자|특별시민|아들에게 가는 길|가려진 시간|사냥|탐정 홍길동: 사라진 마을|탐정 : 더 비기닝|연평해전|해적: 바다로 간 산적|명량|화이: 괴물을 삼킨 아이|미스터 고|배꼽|마이 웨이|나탈리|서서 자는 나무|회오리 바람|4요일: 자살을 부르는 요일|미쓰 홍당무|성냥팔이 소녀의 재림
배혜린,,,의상팀,미드나이트|#살아있다|자전차왕 엄복동|극한직업|그것만이 내 세상|아빠는 딸|공조
배환,,,액션/스턴트팀,방법: 재차의|반도|백두산|시동|나쁜 녀석들: 더 무비|타짜: 원 아이드 잭|광대들: 풍문조작단|변신|봉오동 전투|엑시트|롱 리브 더 킹: 목포 영웅|악인전|걸캅스|뺑반|극한직업|성난황소|인랑
박준오,PARK Joon-oh,PARK Joon-oh,예고편,"모가디슈|발신제한|담보|디바|다만 악에서 구하소서|강철비2: 정상회담|나를 찾아줘|블랙머니|82년생 김지영|나랏말싸미|기생충|사자|악질경찰|항거:유관순 이야기|극한직업|말모이|1987|신과함께-죄와 벌|7호실|침묵|아이 캔 스피크|브이아이피|택시운전사|특별시민|어느날|보통사람|해빙|재심|아수라|밀정|인천상륙작전|아가씨|남과 여|순정|검사외전|나를 잊지 말아요|조선마술사|대호|미안해 사랑해 고마워|서부전선|쓰리 썸머 나잇|손님|경성학교: 사라진 소녀들|쎄시봉|더 테너 리리코 스핀토|맨홀|마담 뺑덕|설계|좋은 친구들|도희야|소수의견|군도: 민란의 시대|방황하는 칼날|몬스터|남자가 사랑할 때|피끓는 청춘|설국열차|공범|배꼽|타워|가문의 영광5 - 가문의 귀환|가문의 영광4 - 가문의 수난|포화속으로|아이리스 더 무비|끝과 시작|평행이론|홍길동의 후예|해운대|킹콩을 들다|마더|인사동 스캔들|슬픔보다 더 슬픈 이야기|차우|핸드폰|쌍화점|1724 기방난동사건|서양 골동 양과자점 앤티크|미쓰 홍당무|눈에는 눈 이에는 이|님은 먼 곳에|좋은 놈, 나쁜 놈, 이상한 놈 |추격자|경축! 우리사랑|마지막 선물|무방비도시|헨젤과 그레텔|가면|색즉시공 시즌2|열한번째 엄마|펀치레이디|엠|궁녀|바르게 살자|행복|사랑|어머니는 죽지 않는다|사랑방 선수와 어머니|아들|날아라 허동구|바람피기 좋은 날|도레미파솔라시도|김관장 대 김관장 대 김관장|여름이 가기 전에|중천|해바라기|누가 그녀와 잤을까?|거룩한 계보|가문의 부활 - 가문의 영광3|우리들의 행복한 시간|뚝방전설|예의없는 것들|각설탕|괴물|파이스토리|아파트|비열한 거리|호로비츠를 위하여|도마뱀|맨발의 기봉이|연리지|청춘만화|손님은 왕이다|홀리데이|야수|왕의 남자|태풍|6월의 일기|사랑해, 말순씨|오로라 공주|내 생애 가장 아름다운 일주일|미스터 주부퀴즈왕|형사 Duelist|외출|가발|박수칠 때 떠나라|분홍신|잠복근무|말아톤|그리스 로마신화 - 올림포스 가디언 - 기간테스 대역습|댄서의 순정|마파도|여고생 시집가기|귀여워|S 다이어리|바람의 파이터|신부수업|늑대의 유혹|달마야, 서울 가자|라이어|범죄의 재구성|맹부삼천지교|아홉살 인생|그녀를 믿지 마세요|녹색의자|돈 텔 파파|실미도|해피 에로 크리스마스|...ing|비디오를 보는 남자|올드보이|봄날의 곰을 좋아하세요?|스캔들-조선남녀상열지사|오! 브라더스|불어라 봄바람|4인용 식탁|여고괴담 세번째 이야기: 여우계단|청풍명월(淸風明月)|맛있는 섹스 그리고 사랑|와일드 카드|별|동갑내기 과외하기|욕망|철없는 아내와 파란만장한 남편 그리고 태권소녀|해안선|유아독존|YMCA야구단|도둑맞곤 못살아|성냥팔이 소녀의 재림|라이터를 켜라|후아유|오버 더 레인보우|일단뛰어|재밌는 영화|집으로...|복수는 나의 것|2009로스트메모리즈|공공의 적|나쁜 남자|괜찮아 울지마|마고|버스, 정류장|피도 눈물도 없이|마리이야기|화산고|꽃섬|와니와 준하|달마야 놀자|와이키키 브라더스|킬러들의 수다|베사메무쵸|소름|엽기적인 그녀|수취인불명|썸머 타임|휴머니스트|파이란|친구|선물|천사몽|7인의 새벽|번지점프를 하다|하루|파라다이스빌라|눈물|나도 아내가 있었으면 좋겠다|69일 후|트릴|폴라로이드 작동법|오감도|도쿄!"
박준규,,,음악진행,사라진 시간|극한직업
박은율,,,예고편,모가디슈|국제수사|다만 악에서 구하소서|강철비2: 정상회담|결백|시동|감쪽같은 그녀|나를 찾아줘|윤희에게|블랙머니|82년생 김지영|나랏말싸미|기생충|어린 의뢰인|왓칭|사자|악질경찰|항거:유관순 이야기|극한직업|말모이|스윙키즈|인랑|공작|신과함께-인과 연|독전
조재은,,,의상팀,보이스|장사리 : 잊혀진 영웅들|극한직업|미쓰백|허스토리|탐정 홍길동: 사라진 마을|소수의견
박신영,,,특수분장,"인질|방법: 재차의|모가디슈|디바|오! 문희|반도|서복|다만 악에서 구하소서|#살아있다|남산의 부장들|해치지않아|백두산|나쁜 녀석들: 더 무비|봉오동 전투|엑시트|비스트|기생충|악인전|클로젯|악질경찰|우상|돈|사바하|뺑반|극한직업|말모이|PMC: 더 벙커|성난황소|협상|안시성|명당|상류사회|인랑|마녀|7년의 밤|마약왕|암수살인|물괴|공작|신과함께-인과 연|독전|치즈인더트랩|골든슬럼버|조선명탐정: 흡혈괴마의 비밀|염력|그것만이 내 세상|1987|신과함께-죄와 벌|강철비|미옥|대장 김창수|브이아이피|택시운전사|군함도|하루|대립군|석조저택 살인사건|살인자의 기억법|불한당: 나쁜 놈들의 세상|보안관|임금님의 사건수첩|조작된 도시|마스터|목숨 건 연애|판도라|아수라|밀정|터널|덕혜옹주|부산행|아가씨|곡성|탐정 홍길동: 사라진 마을|미씽: 사라진 여자|비밀은 없다|해어화|검사외전|로봇, 소리|오빠생각|대호|히말라야|검은 사제들|암살"
남상윤,,,홍보/마케팅 진행,방법: 재차의|내가 죽던 날|서복|사라진 시간|해치지않아|블랙머니|광대들: 풍문조작단|걸캅스|극한직업
김호식,,,특수분장,"인질|방법: 재차의|모가디슈|디바|오! 문희|반도|서복|다만 악에서 구하소서|#살아있다|남산의 부장들|해치지않아|나쁜 녀석들: 더 무비|봉오동 전투|엑시트|비스트|기생충|악인전|클로젯|돈|우상|악질경찰|사바하|뺑반|극한직업|말모이|PMC: 더 벙커|성난황소|안시성|협상|명당|상류사회|인랑|마녀|7년의 밤|마약왕|암수살인|물괴|공작|신과함께-인과 연|치즈인더트랩|골든슬럼버|조선명탐정: 흡혈괴마의 비밀|염력|그것만이 내 세상|1987|신과함께-죄와 벌|강철비|미옥|대장 김창수|브이아이피|택시운전사|군함도|하루|대립군|석조저택 살인사건|살인자의 기억법|불한당: 나쁜 놈들의 세상|보안관|조작된 도시|마스터|목숨 건 연애|판도라|혼숨|아수라|밀정|터널|덕혜옹주|부산행|아가씨|곡성|탐정 홍길동: 사라진 마을|미씽: 사라진 여자|럭키|비밀은 없다|해어화|검사외전|오빠생각|히말라야|대호|내부자들|검은 사제들|협녀, 칼의 기억|암살|간신|베테랑|경성학교: 사라진 소녀들|무뢰한|살인의뢰|조선명탐정 : 사라진 놉의 딸|강남 1970|허삼관|국제시장|마담 뺑덕|해무(海霧)|신의 한 수|우는 남자|역린|군도: 민란의 시대|끝까지 간다|방황하는 칼날|남자가 사랑할 때|용의자|친구 2|동창생|화이: 괴물을 삼킨 아이|관상|감기|미스터 고|감시자들|더 웹툰: 예고살인|마이 라띠마|신세계|베를린|늑대소년|회사원|점쟁이들|광해, 왕이 된 남자|도둑들|연가시|후궁 : 제왕의 첩|미운오리새끼|하울링|범죄와의 전쟁: 나쁜놈들 전성시대|마이 웨이|오직 그대만|통증|아이들...|황해|페스티발|초능력자|부당거래|해결사|악마를 보았다|아저씨|태극기 휘날리며|무서운 이야기 2 '탈출'|인류 멸망 보고서 '멋진 신세계'"
김지영,KIM Ji-young,KIM Ji-young,배우,"소녀|새해전야|싱글 인 서울|프랑스여자|첫잔처럼|엑시트|아워 바디|극한직업|사라진 밤|7호실|당신, 거기 있어줄래요|플랜맨|터치|내 아내의 모든 것|시라노; 연애조작단|우리 생애 최고의 순간|올드미스다이어리|댄서의 순정|몽정기2|해피 에로 크리스마스|크리스마스에 눈이 내리면|별 모양의 얼룩|가족시네마|무서운 이야기"
이석용,LEE Suk-yong,LEE Suk-yong,촬영장비,"낫아웃|내겐 너무 소중한 너|더 박스|파이터|국도극장: 감독판|국도극장|결백|찬실이는 복도 많지|기묘한 가족|극한직업|리벤져|여곡성|창궐|박화영|마녀|비밥바룰라|얼굴들|살아남은 아이|바람 바람 바람|부라더|유리정원|귀향, 끝나지 않은 이야기|브이아이피|마차 타고 고래고래|보안관|아빠는 딸|마스터|스플릿|아수라|인천상륙작전|대역전|대호|극적인 하룻밤|더 폰|약장수|아일랜드 - 시간을 훔치는 섬|악인은 살아 있다|나의 절친 악당들|소셜포비아|내 심장을 쏴라|허삼관|워킹걸|제4 이노베이터|빅매치|나의 사랑 나의 신부|마담 뺑덕|좋은 친구들|셔틀콕|우아한 거짓말|또 하나의 약속|남자가 사랑할 때|용의자|감시자들|신세계|베를린|박수건달|음치 클리닉 |늑대소년|강철대오:구국의 철가방|바람과 함께 사라지다|내 아내의 모든 것|러브픽션|네버엔딩 스토리|페이스메이커|마이 웨이|블라인드|화이트: 저주의 멜로디|마마|수상한 고객들|위험한 상견례|평양성|심장이 뛴다|김종욱 찾기|부당거래|포화속으로|방자전|내 깡패 같은 애인|하녀|죽이고 싶은|구르믈 버서난 달처럼|주유소 습격사건 2|토끼와 리저드|여고괴담 5|거북이 달린다|슬픔보다 더 슬픈 이야기|유감스러운 도시|좋은 놈, 나쁜 놈, 이상한 놈 |GP 506|뜨거운 것이 좋아|궁녀|내 생애 최악의 남자|그해 여름|천하장사 마돈나|작업의 정석|오로라 공주|천군|주먹이 운다(Crying Fist)|별 모양의 얼룩|시트콤|원나잇스탠드(Episode 2.)|세번째 시선|무서운 이야기 2 '탈출'|무서운 이야기 '콩쥐 팥쥐'"
김중석,,,조명팀,"보이스|조제|반도|82년생 김지영|퍼펙트맨|장사리 : 잊혀진 영웅들|힘을 내요, 미스터 리|유열의 음악앨범|사자|극한직업|안시성|흥부: 글로 세상을 바꾼 자|아티스트: 다시 태어나다|두 번째 스물|미쓰 와이프|간신|가시"
권지훈,,,조명팀,"국제수사|소리꾼|강철비2: 정상회담|장사리 : 잊혀진 영웅들|극한직업|창궐|협상|인랑|질투의 역사|허스토리|바람 바람 바람|반드시 잡는다|아이 캔 스피크|조작된 도시|마스터|아수라|고산자, 대동여지도|덕혜옹주|특별수사: 사형수의 편지"
김정아,,,제작팀,"광주비디오: 사라진 4시간|죽도 서핑 다이어리|백두산|시동|가장 보통의 연애|힘을 내요, 미스터 리|비스트|악인전|나의 특별한 형제|생일|증인|극한직업|언더독|성난황소|암수살인|기억의 밤|청년경찰|그래, 가족|가려진 시간|희생부활자|극비수사|꼭두각시"
연재화,,,조명팀,"장르만 로맨스|반도|제인의 썸머|백두산|어제 일은 모두 괜찮아|두번할까요|퍼펙트맨|장사리 : 잊혀진 영웅들|타짜: 원 아이드 잭|힘을 내요, 미스터 리|봉오동 전투|사자|걸캅스|극한직업|PMC: 더 벙커|영주|물괴|신과함께-인과 연|신과함께-죄와 벌|해빙|리얼|죽여주는 여자|열정같은소리하고있네|협녀, 칼의 기억|미쓰 와이프|간신|개를 훔치는 완벽한 방법|나의 독재자|세컨어카운트"
김대림,KIM Dae-lim,KIM Dae-lim,스테디캠,"색다른 그녀|아이|더 박스|소리꾼|#아이엠히어|#살아있다|두번할까요|첫잔처럼|장사리 : 잊혀진 영웅들|힘을 내요, 미스터 리|오만|귀신의 향기|배심원들|밤빛|영하의 바람|극한직업|귀신과 함께 춤을|성난황소|해피 투게더|원더풀 고스트|안시성|식구|죄 많은 소녀|치즈인더트랩|악녀|컴, 투게더|리얼|아티스트: 다시 태어나다|조작된 도시|공조|마스터|아가씨|미씽: 사라진 여자|우리 연애의 이력|순정|잡아야 산다|특종: 량첸살인기|치외법권|협녀, 칼의 기억|철원기행|쓰리 썸머 나잇|허삼관|패션왕|우리는 형제입니다|나의 사랑 나의 신부|마담 뺑덕|터널 3D|소녀괴담|황제를 위하여|우는 남자|표적|소수의견|군도: 민란의 시대|만신|남자가 사랑할 때|용의자|화이: 괴물을 삼킨 아이|깡철이|숨바꼭질|조난자들|더 웹툰: 예고살인|미나문방구|남자사용설명서|박수건달|나의 PS 파트너 |자칼이 온다|복숭아나무|회사원|청포도 사탕: 17년 전의 약속|공모자들|나는 왕이로소이다|미쓰GO|내 아내의 모든 것|봄, 눈|가비|도다리 - 리덕스|밀월도 가는 길|화차|페이스메이커|퍼펙트 게임|완벽한 파트너|커플즈|오직 그대만|의뢰인|통증|링크|모비딕|세상에서 가장 아름다운 이별|수상한 고객들|방독피|댄스타운|심장이 뛰네|달빛 길어올리기|우리 만난 적 있나요|이층의 악당|두 여자|초능력자|돌이킬 수 없는|아저씨|마음이2|파괴된 사나이|비밀애|의형제|백야행|낙타는 말했다|물 좀 주소|탈주|약탈자들|로맨틱 아일랜드|4요일: 자살을 부르는 요일|슬리핑 뷰티|가벼운 잠|안녕? 허대짜수짜님!|아버지와 마리와 나|경축! 우리사랑|엠|바르게 살자|어깨 너머의 연인|행복|마이 파더|화려한 휴가|황진이|날아라 허동구|뷰티풀 선데이|좋지 아니한가|소년은 울지 않는다|경의선|언니가 간다|조폭마누라3|조용한 세상|Mr.로빈 꼬시기|사랑할 때 이야기하는 것들|열혈남아|가을로|거룩한 계보|타짜|뚝방전설|천하장사 마돈나|아이스케키|괴물|비열한 거리|짝패|생, 날선생|호로비츠를 위하여|마이 캡틴 김대출|연리지|로망스|음란서생|백만장자의 첫사랑|야수|싸움의 기술|6월의 일기|사랑해, 말순씨|새드무비|강력 3반|외출|가발|친절한 금자씨|분홍신|레드 아이|혈의 누|엄마|달콤한 인생|주먹이 운다(Crying Fist)|마파도|제니, 주노|파송송 계란탁|B형 남자친구|키다리 아저씨|귀여워|여선생 VS 여제자|내 머리 속의 지우개|주홍글씨|우리 형|알포인트|신부수업|분신사바|인어 공주|하류인생|아라한 장풍대작전|어린 신부|맹부삼천지교|어깨동무|안녕! 유에프오|동해물과 백두산이|은장도|불어라 봄바람|청풍명월(淸風明月)|똥개|장화, 홍련|역전에 산다|와일드 카드|살인의 추억|대한민국 헌법 제1조|피아노 치는 대통령|중독|굳세어라 금순아|릴레이|날아라 닭!|대륙횡단|인류 멸망 보고서 '천상의 피조물' "
임지훈,Lim Ji-hoon,Lim Ji-hoon,촬영팀,"불어라 검풍아|빛나는 순간|미드나이트|메이드 인 루프탑|장사리 : 잊혀진 영웅들|유열의 음악앨범|기방도령|겨울밤에|기묘한 가족|극한직업|원더풀 고스트|레슬러|반드시 잡는다|포크레인|군함도|악녀|꿈의 제인|고산자, 대동여지도|그놈이다|필름시대사랑|뷰티 인사이드|4등|성실한 나라의 앨리스|플랑크 상수|못|맨홀|도희야|역린|하늘의 황금마차|열한시|지슬 - 끝나지 않은 세월2|나는 왕이로소이다|퍼펙트 게임|투혼|통증|써니|해결사|슬레이어"
이동휘,LEE Dong-hwi,LEE Dong-hwi,배우,새해전야|국도극장: 감독판|국도극장|만신|콜|엑시트|어린 의뢰인|극한직업|부라더|원라인|재심|공조|럭키|도리화가|뷰티 인사이드|베테랑|패션왕|타짜-신의 손|우는 남자|청춘예찬|집으로 가는 길|밤의 여왕|감시자들|남쪽으로 튀어|메소드연기|출국심사
김윤기,,,촬영팀,럭키 몬스터|야구소녀|극한직업|다른 길이 있다
김용학,,,액션/스턴트팀,"인질|모가디슈|액션히어로|반도|피원에이치 : 새로운 세계의 시작 |오케이 마담|강철비2: 정상회담|#살아있다|백두산|시동|퍼펙트맨|나쁜 녀석들: 더 무비|광대들: 풍문조작단|변신|봉오동 전투|엑시트|악인전|클로젯|걸캅스|뺑반|극한직업|PMC: 더 벙커|성난황소|인랑|공작|신과함께-인과 연|골든슬럼버|염력|강철비|기억의 밤|미옥|브이아이피|군함도|악녀|대립군|보안관|원라인|프리즌|그래, 가족|조작된 도시|목숨 건 연애|아수라|밀정|부산행|희생부활자|검사외전|대호|덕수리 5형제"
김예령,,,홍보/마케팅 진행,방법: 재차의|내가 죽던 날|서복|사라진 시간|해치지않아|블랙머니|광대들: 풍문조작단|걸캅스|극한직업
김영민,,,액션/스턴트팀,방법: 재차의|반도|#살아있다|백두산|나쁜 녀석들: 더 무비|타짜: 원 아이드 잭|광대들: 풍문조작단|변신|봉오동 전투|엑시트|악인전|뺑반|극한직업|PMC: 더 벙커|마약왕|난폭한 기록
이한종,,,배우,결백|히트맨|장사리 : 잊혀진 영웅들|봉오동 전투|극한직업|연평해전
권인호,,,조명팀,"그대 너머에|검객|범털|서복|나를 찾아줘|신의 한 수: 귀수편|악인전|클로젯|악질경찰|뺑반|극한직업|도어락|창궐|인랑|7년의 밤|마약왕|목격자|지금 만나러 갑니다|염력|반드시 잡는다|꾼|아이 캔 스피크|장산범|조작된 도시|마스터|아수라|고산자, 대동여지도|탐정 홍길동: 사라진 마을|비밀은 없다|특별수사: 사형수의 편지|시간이탈자|그날의 분위기|히말라야|도리화가|뷰티 인사이드|간신|악의 연대기|차이나타운|공사중|살인의뢰|워킹걸|젊은 엄마 2|18: 우리들의 성장 느와르|미녀전쟁|미스터 고|몽타주|차이나 블루|혜원아, 사랑해|러브픽션|댄싱퀸|고양이: 죽음을 보는 두 개의 눈|그랑주떼|숏버스 섬뜩행"
권순아,,,홍보/마케팅 진행,해치지않아|블랙머니|광대들: 풍문조작단|걸캅스|극한직업|협상|암살|스물|쎄시봉|국제시장|타짜-신의 손|하이힐|수상한 그녀|더 테러 라이브|전국노래자랑|공범|7번방의 선물|늑대소년|연가시|차형사
구승하,,,의상디자이너,보이스|미드나이트|새해전야|디바|#살아있다|82년생 김지영|극한직업|내 심장을 쏴라
강경수,,,액션/스턴트팀,인질|방법: 재차의|어른들은 몰라요|반도|피원에이치 : 새로운 세계의 시작 |강철비2: 정상회담|#살아있다|결백|천문: 하늘에 묻는다|백두산|버티고|나쁜 녀석들: 더 무비|타짜: 원 아이드 잭|변신|광대들: 풍문조작단|봉오동 전투|엑시트|롱 리브 더 킹: 목포 영웅|기생충|클로젯|걸캅스|뺑반|극한직업|말모이|PMC: 더 벙커|인랑
가순범,,,조명팀,새해전야|디바|자산어보|침입자|우리를 갈라놓는 것들|나를 찾아줘|퍼펙트맨|밤의 문이 열린다|사자|증인|극한직업|국가부도의 날|마녀|게이트|청년경찰|보안관|색끈한 퓨전사극 심청야사|반신반의
송경섭,Song Gyeong-seop,Song Gyeong-seop,스틸,"발신제한|담보|정직한 후보|지푸라기라도 잡고 싶은 짐승들|기묘한 가족|극한직업|인랑|공작|그것만이 내 세상|강철비|꾼|대립군|리얼|고산자, 대동여지도|부산행|히말라야|악의 연대기|쓰리 썸머 나잇|마담 뺑덕|두근두근 내 인생|소수의견|끝까지 간다|방황하는 칼날|수상한 그녀|열한시|마이 리틀 히어로|화차|범죄와의 전쟁: 나쁜놈들 전성시대|티끌모아 로맨스|의뢰인|사랑이 무서워|황해|해결사|친정엄마|집 나온 남자들|의형제|주유소 습격사건 2|킬 미|김씨표류기|로맨틱 아일랜드|비몽|영화는 영화다|슈퍼맨이었던 사나이|헨젤과 그레텔|행복|천하장사 마돈나|시간|국경의 남쪽|소년, 천국에 가다|연애의 목적|까불지마|그놈은 멋있었다|내 남자의 로맨스|인류멸망 보고서"
김영준,,,포스터사진,"오케이 마담|정직한 후보|히트맨|지푸라기라도 잡고 싶은 짐승들|사자|극한직업|내안의 그놈|협상|레슬러|지금 만나러 갑니다|치즈인더트랩|시인의 사랑|석조저택 살인사건|루시드 드림|형|스플릿|고산자, 대동여지도|검사외전|극적인 하룻밤|돌연변이|미쓰 와이프|무뢰한|나의 사랑 나의 신부|좋은 친구들|황제를 위하여|우는 남자|마녀|무서운 이야기 3 : 화성에서 온 소녀"
김주희,,,광고디자인,담보|호텔 레이크|오케이 마담|감쪽같은 그녀|82년생 김지영|엑시트|미스터 주: 사라진 VIP|극한직업|내안의 그놈|신과함께-죄와 벌|부라더|극장판 또봇: 로봇군단의 습격|어느날|보통사람|목숨 건 연애|형|봉이 김선달|위대한 소원|커터|좋아해줘|울보|탐정 : 더 비기닝|영도|패션왕|돼지 같은 여자|수상한 그녀|무게|왕자가 된 소녀들|돈 크라이 마미|자칼이 온다|풍뎅이뎅이
박지수,PARK Jisoo,PARK Jisoo,조명팀,"귀문|최면|관계의 가나다에 있는 우리는|정직한 후보|극한직업|썬키스 패밀리|택시운전사|임금님의 사건수첩|사랑하기 때문에|메이킹 패밀리|덕혜옹주|탐정 홍길동: 사라진 마을|나도 때론 포르노그라피의 주인공이고 싶다|성난 화가|은밀한 유혹|7공주 대리운전|무뢰한|폴라로이드|하이프 네이션 : 힙합사기꾼|변호인|응징자|명왕성|노리개|광해, 왕이 된 남자|바람과 함께 사라지다|미쓰GO|챔프|이파네마 소년|부당거래|대한민국 1%|애니멀 타운|부산|핑크 토끼|마더|세리와 하르"
조주한,,,배우,정직한 후보|극한직업
김태현,,,VFX 아티스트,서복|해치지않아|속물들|신의 한 수: 귀수편|퍼펙트맨|배심원들|미스터 주: 사라진 VIP|돈|사바하|극한직업|안시성|명당|인랑|리틀 포레스트|공작|흥부: 글로 세상을 바꾼 자|염력|미옥|남한산성|군함도|하루|살인자의 기억법|판도라|형|밀정|부산행|궁합|미씽: 사라진 여자|조선마술사|최강전사 미니특공대 : 새로운 악당의 습격|쩨쩨한 로맨스|품행제로
조윤정,,,편집팀,내가 죽던 날|집 이야기|미스터 주: 사라진 VIP|증인|극한직업|스윙키즈|디렉터스 컷
하미라,,,편집팀,"내가 죽던 날|집 이야기|미스터 주: 사라진 VIP|악질경찰|증인|극한직업|스윙키즈|레슬러|바람 바람 바람|지금 만나러 갑니다|남한산성|귀향, 끝나지 않은 이야기|그래, 가족|덕혜옹주|탐정 홍길동: 사라진 마을|궁합|위험한 중독"
김준기,,,특수효과팀,해치지않아|신의 한 수: 귀수편|82년생 김지영|두번할까요|롱 리브 더 킹: 목포 영웅|미스터 주: 사라진 VIP|극한직업|PMC: 더 벙커|신과함께-인과 연
류남욱,,,특수효과팀,신의 한 수: 귀수편|두번할까요|미스터 주: 사라진 VIP|극한직업|창궐|신과함께-인과 연
박정표,,,배우,정직한 후보|극한직업|아재꽃집|디렉터스 컷
박근진,,,투자,귀문|새해전야|애비규환|국제수사|반도|자산어보|강철비2: 정상회담|정직한 후보|해치지않아|버티고|변신|봉오동 전투|로망|극한직업
김영훈,,,투자,귀문|비와 당신의 이야기|새해전야|애비규환|국제수사|반도|제인의 썸머|자산어보|강철비2: 정상회담|결백|정직한 후보|버티고|변신|봉오동 전투|로망|극한직업
이남기,,,조명팀,"싱크홀|방법: 재차의|파이프라인|아이|비와 당신의 이야기|국제수사|검객|히트맨|갱|감쪽같은 그녀|82년생 김지영|두번할까요|첫잔처럼|양자물리학|광대들: 풍문조작단|발광하는 현대사|비스트|악몽|호흡|미성년|우상|극한직업|딥|메이트|호랑이보다 무서운 겨울손님|골든슬럼버|범죄도시|특별시민|실종2|마스터|당신, 거기 있어줄래요|덕혜옹주|희생부활자"
노승희,,,촬영장비,파이프라인|히트맨|시동|양자물리학|유열의 음악앨범|배심원들|악인전|걸캅스|악질경찰|사바하|뺑반|극한직업|청년경찰
이윤호,,,스토리보드,"세자매|히트맨|가장 보통의 연애|변신|봉오동 전투|로드킬|사자|극한직업|말모이|스윙키즈|독전|바람 바람 바람|반드시 잡는다|미옥|침묵|범죄도시|판도라|인천상륙작전|사냥|사도|스물|더 테너 리리코 스핀토|기술자들|타짜-신의 손|해적: 바다로 간 산적|명량|방황하는 칼날|관능의 법칙|살인자|용의자|캐치미|관상|감기|더 테러 라이브|은밀하게 위대하게|박수건달|간첩|광해, 왕이 된 남자|도둑들|은교|건축학개론|마이 웨이|최종병기 활|모비딕|체포왕|페스티발|악마를 보았다|물 없는 바다|잘못된 만남|기담|죽탱이를돌려라!|무서운 이야기 2 '탈출'"
박도영,,,배우,여고괴담 여섯번째 이야기 : 모교|서복|히트맨|극한직업
김상현,,,조명팀,"기적|얼굴없는 보스: 못다한 이야기 감독판|서치 아웃|사랑하고 있습니까|얼굴없는 보스|지푸라기라도 잡고 싶은 짐승들|0.0MHz|극한직업|리벤져|성난황소|출국|행복의 나라|그날, 바다|치즈인더트랩|사라진 밤|푸른노을|머니백|비정규직 특수요원|패션왕|도희야|하이힐|녀녀녀|용의자|만찬|남쪽으로 튀어|나의 PS 파트너 |백프로|페이스메이커|퍼펙트 게임|의뢰인|짐승|로맨틱 헤븐|이층의 악당|해결사|시|반가운 살인자|무법자|굿모닝 프레지던트|인사동 스캔들|순간을 믿어요"
기정아,,,데이타매니저,공수도|해치지않아|극한직업
정우영,,,배우,다만 악에서 구하소서|두번할까요|엑시트|기방도령|미스터 주: 사라진 VIP|우상|기묘한 가족|극한직업|꿈의 자격
권승현,,,발전차,강릉|담보|서치 아웃|사랑하고 있습니까|변신|극한직업|성난황소|행복의 나라|치즈인더트랩|머니백|봉이 김선달|희생부활자|폴라로이드|나의 PS 파트너 |이웃사람|퍼펙트 게임
김종은,KIM Jong-eun,KIM Jong-eun,조명팀,"서치 아웃|사랑하고 있습니까|변신|0.0MHz|극한직업|리벤져|행복의 나라|신과함께-인과 연|바람 바람 바람|치즈인더트랩|7호실|머니백|공조|인천상륙작전|블랙스톤|협녀, 칼의 기억|기술자들|패션왕|도희야|친구 2|붉은 가족|은밀하게 위대하게|남쪽으로 튀어|롤플레이|공모자들|그랑주떼|로라|숏버스 섬뜩행|무서운 이야기 '콩쥐 팥쥐'"
김나경,,,배급진행,내일의 기억|아이들은 즐겁다|서복|해치지않아|사선의 끝|버티고|양자물리학|변신|기방도령|왓칭|진범|0.0MHz|걸캅스|사바하|극한직업|썬키스 패밀리
조형래,,,배급진행,해치지않아|사선의 끝|버티고|양자물리학|변신|진범|0.0MHz|걸캅스|사바하|극한직업|썬키스 패밀리
김도연,,,배급진행,아이들은 즐겁다|해치지않아|사선의 끝|버티고|양자물리학|변신|기방도령|왓칭|메기|진범|0.0MHz|걸캅스|사바하|극한직업|썬키스 패밀리
안다빈,,,사운드효과,"싱크홀|낫아웃|좋은 빛, 좋은 공기|간이역|소리도 없이|제인의 썸머|비밀의 정원|테우리|해치지않아|우리를 갈라놓는 것들|나를 찾아줘|두번할까요|양자물리학|기방도령|비스트|롱 리브 더 킹: 목포 영웅|시민 노무현|어린 의뢰인|메기|암전|사범|보희와 녹양|다시, 봄|미성년|우상|기묘한 가족|극한직업|내안의 그놈|언니|해피 투게더|원더풀 고스트|양아치 느와르|여중생A|썬키스 패밀리|아메리카 타운|살아남은 아이|어른도감|챔피언|곤지암|엄마의 공책|사라진 밤|채비|그래, 가족|숏버스 감성행"
서동기,,,촬영팀,보이스|방법: 재차의|낫아웃|아이즈 온 미 : 더 무비|양자물리학|악인전|극한직업|성난황소|창궐|바람 바람 바람|염력|박열|대립군|공조|어떻게 헤어질까|사냥|대역전|희생부활자|시간이탈자|카트|마담 뺑덕|인간중독|폴라로이드|하이힐|바람과 함께 사라지다|페이스메이커|황해
지찬,JI Chan,JI Chan,배우,강릉|아홉수 로맨스|양자물리학|극한직업|내안의 그놈|해피 투게더|청년경찰|굿바이 그리고 헬로우|사랑에도 저작권이 있나요?|콩나물|공정사회|결정적 한방|사물의 비밀|이별택시|심장 박동|가장 시원하게 |별별 이야기 2-여섯 빛깔 무지개
이정수,,,배우,양자물리학|극한직업|로마의 휴일|청년경찰|머니백|프리즌|재심|역린|신이 보낸 사람|동창생
서영도,,,음악,"타짜: 원 아이드 잭|힘을 내요, 미스터 리|극한직업|배우는 배우다|환타스틱 모던가야그머|하늘을 걷는 소년"
김병삼,,,식당차,해치지않아|백두산|극한직업|신과함께-인과 연|신과함께-죄와 벌|남자사용설명서
최태열,,,식당차,해치지않아|백두산|극한직업|PMC: 더 벙커|신과함께-인과 연|신과함께-죄와 벌|남자사용설명서
최명숙,,,식당차,해치지않아|백두산|클로젯|극한직업|PMC: 더 벙커|스윙키즈|신과함께-인과 연|신과함께-죄와 벌|터널|남자사용설명서|무적자|뷰티풀 선데이|죽음의 숲-어느날 갑자기 네번째 이야기|D-day-어느날 갑자기 세번째 이야기|네번째 층 - 어느날 갑자기 두번째 이야기|2월 29일 - 어느날 갑자기 첫번째 이야기|시실리 2km|분신사바|아홉살 인생|돈 텔 파파
송휘욱,SONG Hwe-wook,SONG Hwe-wook,식당차,"해치지않아|백두산|봉오동 전투|클로젯|극한직업|PMC: 더 벙커|스윙키즈|신과함께-인과 연|신과함께-죄와 벌|악녀|터널|아가씨|탐정 : 더 비기닝|덫: 치명적인 유혹|상의원|타짜-신의 손|터널 3D|롤러코스터|미스터 고|멜로|남자사용설명서|고지전|적과의 동침|참을 수 없는|무적자|무법자|주유소 습격사건 2|내 사랑 내 곁에|해운대|킹콩을 들다|마더|과속스캔들|나의 친구, 그의 아내|울학교 이티|달려라 자전거|가루지기|더 게임|색즉시공 시즌2|우리 동네|마을금고 연쇄습격사건|행복|지금 사랑하는 사람과 살고 있습니까?|뷰티풀 선데이|수|조용한 세상|구미호 가족|죽음의 숲-어느날 갑자기 네번째 이야기|다세포소녀|D-day-어느날 갑자기 세번째 이야기|네번째 층 - 어느날 갑자기 두번째 이야기|2월 29일 - 어느날 갑자기 첫번째 이야기|공필두|사생결단|흡혈형사 나도열|백만장자의 첫사랑|방과후 옥상|미스터 소크라테스|야수와 미녀|외출|간 큰 가족|엄마|시실리 2km|분신사바|아홉살 인생|돈 텔 파파|다섯 개의 시선"
황의규,,,조명팀,"불어라 검풍아|좋은 사람|검객|82년생 김지영|타짜: 원 아이드 잭|기묘한 가족|극한직업|도어락|창궐|인랑|탐정: 리턴즈|7년의 밤|마약왕|목격자|지금 만나러 갑니다|골든슬럼버|흥부: 글로 세상을 바꾼 자|염력|반드시 잡는다|아이 캔 스피크|장산범|길|마스터|아수라|고산자, 대동여지도|특별수사: 사형수의 편지|그랑주떼|숏버스 섬뜩행"
이윤경,Lee Yoon Kyung,Lee Yoon Kyung,사운드팀,"보는 것을 사랑한다|낫아웃|간이역|소리도 없이|제인의 썸머|비밀의 정원|테우리|해치지않아|나를 찾아줘|두번할까요|어린 의뢰인|메기|사범|보희와 녹양|다시, 봄|우상|극한직업|내안의 그놈|언니|해피 투게더|여중생A|살아남은 아이|어른도감|엄마의 공책|채비|아기와 나|꿈의 제인|마차 타고 고래고래|그래, 가족|우리 손자 베스트|대결|우리들의 일기|치외법권|약장수|손님|소셜포비아|터널 3D|응징자|고양이 춤|레디액션 청춘"
고유,,,특수분장,잔칫날|오! 문희|해치지않아|나쁜 녀석들: 더 무비|엑시트|비스트|기생충|악인전|클로젯|보희와 녹양|사바하|뺑반|극한직업|말모이|성난황소|인랑|변산|브이아이피|초인|치외법권|반신반의|관계의 가나다에 있는 우리는
허희욱,,,특수분장,오! 문희|해치지않아|나쁜 녀석들: 더 무비|엑시트|기생충|악인전|클로젯|우상|뺑반|극한직업|말모이|PMC: 더 벙커|성난황소|협상|안시성|마녀|암수살인
서유리,,,VFX 아티스트,"비와 당신의 이야기|해치지않아|속물들|신의 한 수: 귀수편|퍼펙트맨|배심원들|돈|극한직업|명당|리틀 포레스트|흥부: 글로 세상을 바꾼 자|살인자의 기억법|혼숨|미씽: 사라진 여자|특별수사: 사형수의 편지|해어화|히야|널 기다리며|남과 여|어떤살인|명량: 회오리 바다를 향하여|위험한 상견례 2|헬머니|국제시장|소리굽쇠|의궤, 8일간의 축제 3D|조선미녀삼총사"
김초이,,,VFX 아티스트,조제|해치지않아|신의 한 수: 귀수편|퍼펙트맨|배심원들|극한직업
오승아,,,VFX 아티스트,비와 당신의 이야기|해치지않아|신의 한 수: 귀수편|퍼펙트맨|극한직업|명당|배심원들
안주희,,,VFX 아티스트,비와 당신의 이야기|해치지않아|속물들|신의 한 수: 귀수편|퍼펙트맨|배심원들|돈|극한직업|명당|리틀 포레스트|공작|흥부: 글로 세상을 바꾼 자|살인자의 기억법|혼숨|미씽: 사라진 여자|특별수사: 사형수의 편지|해어화|널 기다리며|히야
전영무,,,VFX 아티스트,비와 당신의 이야기|해치지않아|속물들|신의 한 수: 귀수편|퍼펙트맨|돈|극한직업|명당|리틀 포레스트|흥부: 글로 세상을 바꾼 자|살인자의 기억법|혼숨|미씽: 사라진 여자|특별수사: 사형수의 편지|해어화|널 기다리며|히야|남과 여|어떤살인|명량: 회오리 바다를 향하여|위험한 상견례 2|헬머니|국제시장|조선미녀삼총사|배심원들
이정현,,,VFX 아티스트,모가디슈|비와 당신의 이야기|반도|다만 악에서 구하소서|해치지않아|천문: 하늘에 묻는다|백두산|신의 한 수: 귀수편|퍼펙트맨|봉오동 전투|배심원들|사자|극한직업|완벽한 타인|7년의 밤|강철비|브이아이피|장산범|불한당: 나쁜 놈들의 세상|보안관|더 킹|판도라|형|아수라|덕혜옹주|부산행|대호|도리화가|돌연변이|탐정 : 더 비기닝|뷰티 인사이드|암살|베테랑|무뢰한|스물|빅매치|나의 독재자|타짜-신의 손|우는 남자|표적|군도: 민란의 시대|만신|남자가 사랑할 때|화이: 괴물을 삼킨 아이|감기|설국열차|은밀하게 위대하게|런닝맨|베를린|간첩|7광구|고양이: 죽음을 보는 두 개의 눈|내츄럴시티|보리울의 여름|하늘정원|이중간첩|청출어람
김용현,,,VFX 아티스트,비와 당신의 이야기|다만 악에서 구하소서|해치지않아|신의 한 수: 귀수편|퍼펙트맨|돈|극한직업|명당|리틀 포레스트|공작|흥부: 글로 세상을 바꾼 자|살인자의 기억법|혼숨|미씽: 사라진 여자|특별수사: 사형수의 편지|해어화|널 기다리며|히야|남과 여|어떤살인|위험한 상견례 2|헬머니|국제시장|명량|마파도|배심원들
김남수,,,VFX 아티스트,"비와 당신의 이야기|다만 악에서 구하소서|해치지않아|신의 한 수: 귀수편|퍼펙트맨|배심원들|돈|극한직업|명당|리틀 포레스트|공작|흥부: 글로 세상을 바꾼 자|살인자의 기억법|혼숨|미씽: 사라진 여자|특별수사: 사형수의 편지|해어화|히야|널 기다리며|남과 여|어떤살인|위험한 상견례 2|헬머니|국제시장|명량|의궤, 8일간의 축제 3D|조선미녀삼총사|더 테러 라이브"
황준혁,,,VFX 아티스트,비와 당신의 이야기|다만 악에서 구하소서|해치지않아|신의 한 수: 귀수편|퍼펙트맨|돈|극한직업|명당|리틀 포레스트|공작|흥부: 글로 세상을 바꾼 자|살인자의 기억법|혼숨|미씽: 사라진 여자|특별수사: 사형수의 편지|해어화|널 기다리며|히야|남과 여|어떤살인|위험한 상견례 2|헬머니|국제시장|명량|미스터 고|배심원들
박가현,,,VFX 아티스트,해치지않아|신의 한 수: 귀수편|퍼펙트맨|배심원들|극한직업
정진원,,,VFX 아티스트,비와 당신의 이야기|해치지않아|신의 한 수: 귀수편|퍼펙트맨|돈|극한직업|명당|공작|배심원들
이상수,LEE Sang-su,LEE Sang-su,VFX 아티스트,서복|해치지않아|신의 한 수: 귀수편|퍼펙트맨|배심원들|돈|극한직업|명당|리틀 포레스트|공작|흥부: 글로 세상을 바꾼 자|슈퍼피쉬 - 끝없는 여정
변영주,,,VFX 아티스트,비와 당신의 이야기|해치지않아|신의 한 수: 귀수편|퍼펙트맨|돈|극한직업|명당|리틀 포레스트|공작|흥부: 글로 세상을 바꾼 자
조우상,,,VFX 아티스트,비와 당신의 이야기|해치지않아|신의 한 수: 귀수편|퍼펙트맨|엑시트|돈|사바하|극한직업|명당|리틀 포레스트|공작|흥부: 글로 세상을 바꾼 자|살인자의 기억법|미씽: 사라진 여자|배심원들
이재열,,,VFX 아티스트,비와 당신의 이야기|해치지않아|신의 한 수: 귀수편|퍼펙트맨|배심원들|돈|극한직업|명당|리틀 포레스트|공작|흥부: 글로 세상을 바꾼 자|살인자의 기억법|혼숨|미씽: 사라진 여자|특별수사: 사형수의 편지|해어화|히야|널 기다리며|남과 여|어떤살인|연평해전|위험한 상견례 2|헬머니|국제시장|명량|미스터 고
함지훈,,,VFX 아티스트,비와 당신의 이야기|해치지않아|신의 한 수: 귀수편|퍼펙트맨|배심원들|돈|극한직업
문성희,,,VFX 아티스트,비와 당신의 이야기|해치지않아|속물들|신의 한 수: 귀수편|퍼펙트맨|배심원들|돈|극한직업|명당|리틀 포레스트|공작|흥부: 글로 세상을 바꾼 자
한상용,,,VFX 아티스트,비와 당신의 이야기|해치지않아|속물들|신의 한 수: 귀수편|퍼펙트맨|배심원들|돈|극한직업|명당|리틀 포레스트|공작|흥부: 글로 세상을 바꾼 자
장한솔,,,VFX 아티스트,해치지않아|속물들|신의 한 수: 귀수편|퍼펙트맨|배심원들|돈|극한직업|명당|리틀 포레스트|공작|흥부: 글로 세상을 바꾼 자
박유리,,,VFX 아티스트,"비와 당신의 이야기|해치지않아|속물들|신의 한 수: 귀수편|퍼펙트맨|돈|극한직업|명당|리틀 포레스트|공작|흥부: 글로 세상을 바꾼 자|살인자의 기억법|혼숨|미씽: 사라진 여자|특별수사: 사형수의 편지|해어화|널 기다리며|히야|남과 여|어떤살인|위험한 상견례 2|헬머니|국제시장|명량|의궤, 8일간의 축제 3D|조선미녀삼총사|더 테러 라이브|배심원들"
한동준,,,VFX 매니지먼트,"오늘, 우리 2|해치지않아|신의 한 수: 귀수편|퍼펙트맨|배심원들|극한직업"
임미진,,,VFX 매니지먼트,비와 당신의 이야기|다만 악에서 구하소서|해치지않아|속물들|신의 한 수: 귀수편|퍼펙트맨|배심원들|돈|극한직업|명당|공작|흥부: 글로 세상을 바꾼 자
강영영,,,VFX 매니지먼트,해치지않아|속물들|신의 한 수: 귀수편|퍼펙트맨|돈|극한직업|명당|리틀 포레스트|공작|흥부: 글로 세상을 바꾼 자|배심원들
한재호,,,VFX 슈퍼바이저,아무도 없는 곳|비와 당신의 이야기|해치지않아|속물들|신의 한 수: 귀수편|퍼펙트맨|배심원들|돈|극한직업|명당|리틀 포레스트|공작|흥부: 글로 세상을 바꾼 자|살인자의 기억법|더 테이블|혼숨|미씽: 사라진 여자|특별수사: 사형수의 편지|해어화|히야|널 기다리며|남과 여|어떤살인|위험한 상견례 2|스피드|헬머니|국제시장|조선미녀삼총사|더 테러 라이브|원더풀 데이즈
김대준,,,VFX 슈퍼바이저,"비와 당신의 이야기|오늘, 우리 2|다만 악에서 구하소서|해치지않아|속물들|신의 한 수: 귀수편|퍼펙트맨|배심원들|돈|극한직업|리틀 포레스트|공작|흥부: 글로 세상을 바꾼 자|살인자의 기억법|올리고당 더 무비|혼숨|치명도수: RESET|미씽: 사라진 여자|특별수사: 사형수의 편지|해어화|널 기다리며|히야|남과 여|어떤살인|위험한 상견례 2|헬머니|국제시장|명량|의궤, 8일간의 축제 3D|또 하나의 약속|더 테러 라이브|파파|너는 펫|Mr.아이돌|오직 그대만|최종병기 활|고지전|마마|사랑한다, 사랑하지 않는다|나탈리|폐가|인사동 스캔들|무서운 이야기|무서운 이야기 '콩쥐 팥쥐'"
최영주,CHOI Young-ju,CHOI Young-ju,VFX 매니지먼트,비와 당신의 이야기|다만 악에서 구하소서|해치지않아|속물들|신의 한 수: 귀수편|퍼펙트맨|배심원들|돈|극한직업|명당|리틀 포레스트|공작|흥부: 글로 세상을 바꾼 자|살인자의 기억법|올리고당 더 무비|혼숨|치명도수: RESET|미씽: 사라진 여자|특별수사: 사형수의 편지|해어화|히야|널 기다리며|남과 여|어떤살인|연평해전|위험한 상견례 2|스피드|헬머니|국제시장|소리굽쇠|명량|조선미녀삼총사|박수건달|회사원|공공의 적 2|태풍태양|달콤한 인생
정우근,,,제작팀,싱크홀|발신제한|해치지않아|타짜: 원 아이드 잭|유열의 음악앨범|극한직업|탐정: 리턴즈|신과함께-인과 연|신과함께-죄와 벌|가려진 시간
오정우,,,조명장비,"인질|이웃사촌|소리도 없이|해치지않아|백두산|돌멩이|돈|극한직업|말모이|출국|명당|데자뷰|나를 기억해|마약왕|사라진 밤|조선명탐정: 흡혈괴마의 비밀|대장 김창수|남한산성|귀향, 끝나지 않은 이야기|석조저택 살인사건|시간위의 집|1급기밀|살인자의 기억법|프리즌|루시드 드림|마스터|판도라|가려진 시간|스플릿|최악의 하루|귀향|오빠생각|열정같은소리하고있네|도리화가|더 폰|비밀|성난 변호사|미쓰 와이프|협녀, 칼의 기억|손님|살인의뢰|어우동: 주인 없는 꽃|개를 훔치는 완벽한 방법|기술자들|상의원|터널 3D|표적|신이 보낸 사람|좀비스쿨|피끓는 청춘|관상|연애의 온도|사이코메트리|자칼이 온다|강철대오:구국의 철가방|5백만불의 사나이|티끌모아 로맨스|커플즈|황해|토끼와 리저드|오디션|핸드폰|쌍화점|GP 506|상사부일체|극락도 살인사건|라디오 스타|구타유발자들|연리지|몽정기2|알포인트|아홉살 인생|오! 해피데이|품행제로|해적 디스코왕 되다|만찬"
양동엽,,,현장편집,"결백|해치지않아|극한직업|곤지암|치즈인더트랩|보통사람|올레|서부전선|빅매치|소수의견|하이힐|밤의 여왕|힘내세요, 병헌씨|연애의 온도|5백만불의 사나이|그 여자 그 남자의 속사정|오싹한 연애|흉터|로맨틱 헤븐|여의도|우리 만난 적 있나요|퀴즈왕|폐가|무법자|육혈포 강도단|청아|카페 느와르|채식주의자|아빠가 여자를 좋아해|청담보살|반두비|슬픔보다 더 슬픈 이야기|7급 공무원|달콤한 거짓말|순정만화|나의 친구, 그의 아내|아기와 나|가루지기|더 게임|우리 생애 최고의 순간|펀치레이디|내 생애 최악의 남자|마파도2|동갑내기 과외하기|진실을 위하여"
정재훈,JUNG Jae-hoon,JUNG Jae-hoon,제작팀,해치지않아|악인전|극한직업|인랑|봄이가도|초인|인 허 플레이스|나의 절친 악당들|상의원|패션왕|나의 독재자|명량
박정미,,,의상팀,이장|나랏말싸미|걸캅스|뷰티플 마인드|극한직업|스윙키즈|출국|변산|아이 캔 스피크|그대 이름은 장미|오피스
김성환,KIM Seong-hwan,KIM Seong-hwan,제작,"해치지않아|극한직업|올레|로봇, 소리|도리화가|개를 훔치는 완벽한 방법|최종병기 활|사랑이 무서워|여행자|과속스캔들|비스티 보이즈|무방비도시"
박재홍,,,배우,담보|犬견 : 버려진 아이들|다만 악에서 구하소서|사자|극한직업|청년경찰|여교사|나홀로 휴가|포항|조선미녀삼총사|수상한 그녀|황해
구종률,KOO Jong-ryul,KOO Jong-ryul,동시녹음,"메이드 인 루프탑|디바|죽지않는 인간들의 밤|다시 만난 날들|사선의 끝|타짜: 원 아이드 잭|유열의 음악앨범|귀신의 향기|소은이의 무릎|뷰티플 마인드|극한직업|완벽한 타인|삼촌|이월|얼굴들|살아남은 아이|그대 이름은 장미|보안관|범죄의 여왕|챌린지 게임|위대한 소원|다른 길이 있다|날, 보러와요|번개맨|나를 잊지 말아요|조선마술사|어떤살인|철원기행|오피스|산다|봄|터널 3D|로사 |야간비행|한 번도 안 해본 여자|명왕성|더 웹툰: 예고살인|용의자X|퍼펙트 게임|챔프|짐승|멋진 인생|저스트 프렌즈|려수|달빛 길어올리기|부당거래|대한민국 1%|전우치|낙타는 말했다|나의 친구, 그의 아내|안녕? 허대짜수짜님!|강철중: 공공의 적 1-1|황진이|쏜다|타짜|비열한 거리|국경의 남쪽|미스터 주부퀴즈왕|릴레이|귀 鬼(鬼소년 편)|귀 鬼(네 이름을 말해봐 편)"
이장종,,,배급진행,백두산|신의 한 수: 귀수편|나쁜 녀석들: 더 무비|엑시트|기생충|왓칭|클로젯|진범|0.0MHz|걸캅스|사바하|극한직업|썬키스 패밀리
윤준원,,,배급진행,방법: 재차의|발신제한|백두산|신의 한 수: 귀수편|나쁜 녀석들: 더 무비|엑시트|기생충|클로젯|걸캅스|사바하|극한직업
조현경,,,배급진행,방법: 재차의|발신제한|백두산|신의 한 수: 귀수편|나쁜 녀석들: 더 무비|엑시트|기생충|클로젯|걸캅스|사바하|극한직업
조영용,,,배급진행,방법: 재차의|발신제한|백두산|신의 한 수: 귀수편|나쁜 녀석들: 더 무비|엑시트|기생충|클로젯|걸캅스|사바하|극한직업|그 강아지 그 고양이
한지윤,,,홍보/마케팅 진행,방법: 재차의|발신제한|백두산|신의 한 수: 귀수편|나쁜 녀석들: 더 무비|엑시트|클로젯|걸캅스|극한직업
오지은,,,홍보/마케팅 진행,백두산|신의 한 수: 귀수편|나쁜 녀석들: 더 무비|엑시트|클로젯|걸캅스|극한직업
한응수,,,홍보/마케팅 진행,방법: 재차의|발신제한|백두산|신의 한 수: 귀수편|나쁜 녀석들: 더 무비|엑시트|클로젯|걸캅스|극한직업
정봉연,JEONG Bong-yeon,JEONG Bong-yeon,액션/스턴트팀,"이웃사촌|천문: 하늘에 묻는다|봉오동 전투|클로젯|극한직업|창궐|안시성|맞짱|신과함께-인과 연|조선명탐정: 흡혈괴마의 비밀|염력|1987|남한산성|택시운전사|군함도|대립군|특별시민|불한당: 나쁜 놈들의 세상|판도라|고산자, 대동여지도|메이드 인 차이나|국제시장|황제를 위하여|역린|연가시|전우치|우아한 세계|가문의 부활 - 가문의 영광3|한반도|혈의 누|최후의 만찬|갈갈이 패밀리와 드라큐라|휘파람공주|굳세어라 금순아|성냥팔이 소녀의 재림|보스 상륙 작전(Boss X File)|네발가락|공공의 적|피도 눈물도 없이|두사부일체|조폭마누라|아이 러브 유|건달의 법칙|광시곡|고추불패"
이찬희,,,액션/스턴트팀,방법: 재차의|반도|피원에이치 : 새로운 세계의 시작 |오케이 마담|강철비2: 정상회담|천문: 하늘에 묻는다|나쁜 녀석들: 더 무비|광대들: 풍문조작단|봉오동 전투|엑시트|악인전|클로젯|걸캅스|나의 특별한 형제|돈|뺑반|극한직업|말모이|PMC: 더 벙커|스윙키즈|인랑|마약왕|공작|신과함께-인과 연|지금 만나러 갑니다|염력|강철비|범죄도시|남한산성|군함도|악녀|대립군|불한당: 나쁜 놈들의 세상
송원종,SONG Won-jong,SONG Won-jong,액션/스턴트팀,"인질|모가디슈|결백|백두산|시동|감쪽같은 그녀|나를 찾아줘|나쁜 녀석들: 더 무비|광대들: 풍문조작단|변신|악인전|클로젯|걸캅스|나의 특별한 형제|돈|사바하|뺑반|극한직업|PMC: 더 벙커|국가부도의 날|성난황소|출국|인랑|7년의 밤|마약왕|공작|챔피언|일진|지금 만나러 갑니다|골든슬럼버|염력|강철비|기억의 밤|범죄도시|브이아이피|군함도|악녀|살인자의 기억법 : 새로운 기억|불한당: 나쁜 놈들의 세상|원라인|그래, 가족|조작된 도시|목숨 건 연애|스플릿|아수라|고산자, 대동여지도|밀정|덕혜옹주|부산행|곡성|난폭한 기록|희생부활자|나는 증인이다|비밀은 없다|더 폰|성난 변호사|암살|권법형사 : 차이나타운|은밀한 유혹|순수의 시대|베테랑|무뢰한|차이나타운|내 심장을 쏴라|타짜-신의 손|해무(海霧)|신의 한 수|황제를 위하여|우는 남자|군도: 민란의 시대|남자가 사랑할 때|변호인|화이: 괴물을 삼킨 아이|감기|감시자들|파파로티|더 웹툰: 예고살인|신세계|베를린|내가 살인범이다|공모자들|이웃사람|도둑들|미쓰GO|가비|범죄와의 전쟁: 나쁜놈들 전성시대|페이스메이커|오늘|오직 그대만|푸른소금|황해|초능력자|해결사|악마를 보았다|이끼|파괴된 사나이|전우치|펜트하우스 코끼리|마더|박쥐|좋은 놈, 나쁜 놈, 이상한 놈 |가면|내 사랑|권순분여사 납치사건|바람피기 좋은 날|무도리|뚝방전설|괴물|방과후 옥상"
최주형,,,특수분장,오! 문희|나쁜 녀석들: 더 무비|봉오동 전투|엑시트|기생충|악인전|클로젯|돈|우상|악질경찰|사바하|뺑반|극한직업|말모이|PMC: 더 벙커|성난황소|명당|안시성|협상|인랑|마녀|7년의 밤|마약왕|암수살인|물괴|공작|신과함께-인과 연|독전|치즈인더트랩|골든슬럼버|조선명탐정: 흡혈괴마의 비밀|염력|그것만이 내 세상|1987|신과함께-죄와 벌|강철비|미옥|대장 김창수|브이아이피|택시운전사|군함도|하루|대립군|석조저택 살인사건|살인자의 기억법|불한당: 나쁜 놈들의 세상|보안관|임금님의 사건수첩|조작된 도시|마스터|목숨 건 연애|판도라|아수라|밀정|터널|덕혜옹주|부산행|아가씨|탐정 홍길동: 사라진 마을|미씽: 사라진 여자|비밀은 없다|해어화|검사외전|오빠생각|대호|히말라야|검은 사제들|암살
황예린,,,분장팀,조제|담보|엑시트|클로젯|극한직업|영주|너의 결혼식
김영란,,,분장,좀비크러쉬: 헤이리|백두산|엑시트|클로젯|극한직업|명당|썬키스 패밀리|보통사람|두 아내|참을 수 없는 성적유희 감독판|전망좋은해변-두여자|전망 좋은 방-맛있는 섹스|깊은 사랑|사랑방 선수와 어머니|조용한 세상|아이스케키|강적|댄서의 순정
이정규,,,제작팀,백두산|기생충|극한직업|스윙키즈|신과함께-인과 연|신과함께-죄와 벌|대배우|도리화가|맨홀|제보자|레드카펫|플랜맨|결혼전야
유청,,,소품,"싱크홀|검객|반도|자산어보|오케이 마담|두번할까요|가장 보통의 연애|광대들: 풍문조작단|봉오동 전투|나랏말싸미|클로젯|사랑의 선물|자전차왕 엄복동|사바하|기묘한 가족|뺑반|극한직업|스윙키즈|도어락|창궐|원더풀 고스트|버닝|7년의 밤|공작|변산|흥부: 글로 세상을 바꾼 자|염력|메소드|대장 김창수|남한산성|박열|보통사람|마스터|아수라|고산자, 대동여지도|터널|곡성|탐정 홍길동: 사라진 마을|위대한 소원|대배우|섬. 사라진 사람들|동주|검사외전|로봇, 소리|오빠생각|히말라야|도리화가|무뢰한|내 심장을 쏴라|허삼관|상의원|봄|나의 사랑 나의 신부|해적: 바다로 간 산적|군도: 민란의 시대|몬스터|밤의 여왕|감기|은밀하게 위대하게|타워|나의 PS 파트너 |26년|강철대오:구국의 철가방|후궁 : 제왕의 첩|건축학개론|마이 웨이|7광구|풍산개|두 여자|방자전|마린보이|라라 선샤인|1724 기방난동사건|모던보이|신기전|가루지기|그녀는 예뻤다|라듸오 데이즈|죽어도 해피엔딩|이장과 군수|마파도2|전설의 고향|허브|조용한 세상|그해 여름|타짜|한반도|호로비츠를 위하여|국경의 남쪽|음란서생|썬데이 서울|새드무비|천군|혈의 누|신석기 블루스|S 다이어리|내 여자친구를 소개합니다|돈 텔 파파|목포는 항구다|...ing|살인의 추억|이중간첩|품행제로|성냥팔이 소녀의 재림"
이유진,,,배우,반도|죽지않는 인간들의 밤|신의 한 수: 귀수편|비스트|기묘한 가족|극한직업|창궐
김상수,,,투자,강철비2: 정상회담|백두산|신의 한 수: 귀수편|극한직업
김종수,KIM Jong-soo,KIM Jong-soo,배우,"킹메이커|헌트|삼진그룹 영어토익반|드림(가제)|오케이 마담|야구소녀|시동|나를 찾아줘|어제 일은 모두 괜찮아|돈|증인|극한직업|얼굴들|암수살인|공작|7호실|보안관|연애담|아수라|고산자, 대동여지도|터널|양치기들|날, 보러와요|글로리데이|검사외전|스물|몽골리안 프린세스|소셜포비아|소수의견|남자가 사랑할 때|스파이|전설의 주먹|아부의 왕|홈 스위트 홈|범죄와의 전쟁: 나쁜놈들 전성시대|풍산개|플레이|기타가 웃는다|용서는 없다|바람|로맨틱 아일랜드|밀양|밀수|영화루|좋은 꿈 꾸세요"
김경민,,,VFX 아티스트,속물들|신의 한 수: 귀수편|돈|극한직업|명당|리틀 포레스트|마약왕|공작|흥부: 글로 세상을 바꾼 자|대호|함정|검은손|파일 : 4022일의 사육|극비수사|허삼관|배심원들
홍은진,,,배우,이웃사촌|결백|극한직업|명당
정재광,JEONG Jae-gwang,JEONG Jae-gwang,배우,낫아웃|파이프라인|범죄도시 2|큰엄마의 미친봉고|버티고|극한직업|목격자|달려라 택배|히치하이커|군산여행|복덕방|악당출현|여름밤|수난이대|스카우팅 리포트
김진규,,,제작팀,싱크홀|유열의 음악앨범|뺑반|극한직업|스윙키즈|협상|신과함께-인과 연|신과함께-죄와 벌|소월길
정성훈,,,연출팀,돈|극한직업|하루|리얼
오정세,OH Jung-se,OH Jung-se,배우,"장르만 로맨스|크리스마스 선물(가제)|나는 나를 해고하지 않는다|콜|여름방학|극한직업|스윙키즈|레슬러|그대 이름은 장미|머니백|조작된 도시|목숨 건 연애|탐정 : 더 비기닝|션샤인 러브|타짜-신의 손|레드카펫|하이힐|방황하는 칼날|사이비|히어로|하이힐(디렉터스컷)|런닝맨|뒷담화: 감독이 미쳤어요|남자사용설명서|5백만불의 사나이|시체가 돌아왔다|코리아|퍼펙트 게임|돼지의 왕|커플즈|퀵|쩨쩨한 로맨스|부당거래|방자전|베스트셀러|시크릿|인사동 스캔들|똥파리|아내가 결혼했다|무림여대생|라듸오 데이즈|식객|극락도 살인사건|뷰티풀 선데이|경의선|우아한 세계|허브|조용한 세상|사랑할 때 이야기하는 것들|타짜|무도리|우리들의 행복한 시간|연애, 그 참을 수 없는 가벼움|8월의 일요일들|달려라 장미|6월의 일기|너는 내 운명|이대로, 죽을 순 없다(Short Time)|레드 아이|귀신이 산다|페이스|내 여자친구를 소개합니다|오! 브라더스|거울속으로|수취인불명|메모리즈|라이트 마이 파이어|두 유 리멤버 미?|거울아 거울아|모퉁이의 남자|사랑은 단백질|그날 밤의 축제|사춘기 "
김나영,,,투자,발신제한|극한직업
공명,GONG Myoung,GONG Myoung,배우,킬링 로맨스 (가제)|시민 덕희(가제)|한산: 용의 출현|기방도령|행복의 진수|극한직업|수색역|도희야|이것이 우리의 끝이다|얼음강|어떤 시선
함유섭,HAM Yu-seop,HAM Yu-seop,VFX 매니지먼트,"극한직업|여곡성|물괴|강철비|보안관|루시드 드림|판도라|가려진 시간|덕혜옹주|궁합|우주의 크리스마스|검사외전|대호|내부자들|은밀한 유혹|국제시장|나의 사랑 나의 신부|소수의견|찌라시: 위험한 소문|수상한 그녀|집으로 가는 길|감시자들|몽타주|스파이|타워|광해, 왕이 된 남자|5백만불의 사나이|챔프|전우치|마더|박쥐|달려라 자전거|숙명|추격자|마지막 선물|내 사랑|우리 동네|펀치레이디|바르게 살자|즐거운 인생|브라보 마이 라이프|사랑방 선수와 어머니|챔피언 마빡이|아들|가문의 부활 - 가문의 영광3"
정지우,,,붐오퍼레이터,조제|항거:유관순 이야기|극한직업|안시성|우리 지금 만나
박옥경,,,미술/프로덕션 디자인,백두산|극한직업|7년의 밤|공작|걷기왕|검사외전|히말라야|무뢰한|소셜포비아|국제시장|조선미녀삼총사|변호인|마이 리틀 히어로|천사의 숨소리|티끌모아 로맨스|오빠가 돌아왔다|헬로우 고스트
송현종,SONG Hyun-jong,SONG Hyun-jong,제작팀,해치지않아|백두산|기생충|뺑반|극한직업|스윙키즈|신과함께-인과 연|신과함께-죄와 벌|아가씨|대배우|도리화가|뷰티 인사이드
고대석,GO Dae-seok,GO Dae-seok,프로듀서,헤어질 결심|해치지않아|극한직업|신과함께-인과 연|신과함께-죄와 벌|판도라|도리화가|필름시대사랑|경주|보호자|결혼전야|미스터 고|이층의 악당|킬 미|국가대표|세리와 하르|용의주도 미스신
이하늬,LEE Ha-nee,LEE Ha-nee,배우,"외계+인|킬링 로맨스 (가제)|유령|블랙머니|극한직업|침묵|부라더|조작된 도시|달빛궁궐|로봇, 소리|타짜-신의 손|뒷담화: 감독이 미쳤어요|나는 왕이로소이다|연가시|히트|개구쟁이 스머프"
모성진,MO Sung-jin,MO Sung-jin,프로듀서,파이터|작은 방안의 소녀|극한직업|벌거숭이|26년|터치|위도|참을 수 없는|지구에서 사는 법|초감각 커플|나의 노래는|여름이 가기 전에|8월의 일요일들|해피버스데이
이근우,LEE Geun-woo,LEE Geun-woo,그립,미션 파서블|죽지않는 인간들의 밤|69세|아워 바디|사자|극한직업|리벤져|바람 바람 바람|레나|멜리스|앨리스: 원더랜드에서 온 소년|설지|스물|현기증|설해|에덴|좋은 친구들 |연애의 온도|음치 클리닉 |수목장|90분|두레소리|나는 공무원이다|위험한 상견례|황해|미스터좀비|폐가|마음이2|청담보살|물 좀 주소|실종|아기와 나|마음이...
홍승표,HONG Seung-pyo,HONG Seung-pyo,조명팀,극한직업|식구|바람 바람 바람|친구 2|가문의 영광5 - 가문의 귀환|백프로|마이 블랙 미니드레스|당신이 잠든 사이에|강철중: 공공의 적 1-1|사랑|디워|허브|한반도|아랑|강력 3반|활|공공의 적 2|썸|바람의 파이터|실미도|이중간첩|라이터를 켜라|공공의 적
김창연,KIM Chang-yeon,KIM Chang-yeon,VFX 아티스트,"극한직업|여곡성|물괴|강철비|보안관|루시드 드림|판도라|가려진 시간|덕혜옹주|궁합|우주의 크리스마스|검사외전|대호|좋은 친구들|시선|창수|광해, 왕이 된 남자|미쓰GO|오싹한 연애|티끌모아 로맨스|커플즈|완득이|그대를 사랑합니다|헬로우 고스트|사요나라 이츠카|죽이러 갑니다|평행이론|아빠가 여자를 좋아해|여자 없는 세상|굿모닝 프레지던트|로니를 찾아서|4요일: 자살을 부르는 요일|나의 친구, 그의 아내|외톨이|아기와 나|달려라 자전거|숙명|바보|추격자|경축! 우리사랑|마지막 선물|내 사랑|우리 동네|마을금고 연쇄습격사건|펀치레이디|어깨 너머의 연인|사랑|즐거운 인생|브라보 마이 라이프|사랑방 선수와 어머니|챔피언 마빡이|므이|이대근 이 댁은|날아라 허동구|동갑내기 과외하기 레슨 2|수|바람피기 좋은 날|마파도2|우리에게 내일은 없다|사랑할 때 이야기하는 것들|라디오 스타|신데렐라|각설탕|플라이 대디|사과|분홍신"
최윤호,CHOI Yun-ho,CHOI Yun-ho,프로듀서,사바하|극한직업|열한시|스파이|사이코메트리|7광구|퀵|된장
김현주,KIM Hyun-ju,KIM Hyun-ju,조명팀,"낫아웃|불어라 검풍아|메이드 인 루프탑|항거:유관순 이야기|극한직업|창궐|공작|바람 바람 바람|반드시 잡는다|7호실|용순|누에치던 방|미스 푸줏간|공조|고산자, 대동여지도|봉이 김선달|시간이탈자|블랙스톤|협녀, 칼의 기억|손님|스물|기술자들|패션왕|마담 뺑덕|도희야|하이힐|용의자|완전 소중한 사랑|친구 2|붉은 가족|은밀하게 위대하게|남쪽으로 튀어|롤플레이|나의 PS 파트너 |공모자들|결정적 한방|완득이|투혼|마이 블랙 미니드레스|그랑주떼|숏버스 섬뜩행|무서운 이야기 '콩쥐 팥쥐'"
김경진,KIM Gyoung-jin,KIM Gyoung-jin,연출팀,극한직업|바람 바람 바람|맛있는 섹스 그리고 그 여자|걷기왕|최악의 하루|돌연변이|롤러코스터|써니|애자|슬리핑 뷰티|고死 : 피의 중간고사
이종경,LEE Jong-kyeong,LEE Jong-kyeong,의상팀,더블패티|82년생 김지영|극한직업|출국|명당|미쓰백|암수살인|머니백|혼숨|탐정 홍길동: 사라진 마을|무수단|4등|세계일주|고스톱 살인|복숭아나무|은교|화차|커플즈|체포왕
허준석,HEO Jun-seok,HEO Jun-seok,배우,"기적|어른들은 몰라요|드림(가제)|침입자|시동|극한직업|창궐|박화영|홈|너는 결코 서둘지 말라 |바람 바람 바람|헤이는|사냥|글로리데이|거짓말|스물|기술자들|나의 독재자|두근두근 내 인생|몬스터|집으로 가는 길|스톤|신의 선물|힘내세요, 병헌씨|피에타|공모자들|시련|밀월도 가는 길|광장|애드립|미성년|나쁜 교육|아버지의 이름으로"
김지형,,,기획진행,극한직업
김준엽,,,프로듀서,극한직업
김영석,,,기획진행,극한직업
김수진,,,기획진행,극한직업
엄지현,,,제작관리,걸캅스|극한직업
오현주,,,제작,걸캅스|극한직업
박재완,PARK Jae-wan,PARK Jae-wan,소품,백두산|유열의 음악앨범|극한직업|신과함께-인과 연|지금 만나러 갑니다|신과함께-죄와 벌|치명도수: RESET|남과 여|차이나타운|타짜-신의 손|우는 남자|하이프 네이션 : 힙합사기꾼|변호인|더 테러 라이브|뜨거운 안녕|레바논 감정|더 웹툰: 예고살인|누구나 제 명에 죽고 싶다|남쪽으로 튀어|복숭아나무|이웃사람|R2B: 리턴투베이스|내 아내의 모든 것|은교|가비|퍼펙트 게임|위험한 상견례|아이들...|아저씨|요술|사요나라 이츠카|하모니|백야행|천국의 우편배달부|킬 미|불꽃처럼 나비처럼|궁녀|구미호 가족|예의없는 것들|야수|하류인생|청풍명월(淸風明月)
홍승진,,,배우,극한직업
변봉식,,,배우,극한직업
하철,,,배우,극한직업
편광진,,,배우,극한직업
장격수,,,배우,반도|극한직업
태원석,,,배우,미드나이트|극한직업|공즉시색 무삭제|공즉시색
오민준,,,배우,미스터 보스|얼굴없는 보스: 못다한 이야기 감독판|얼굴없는 보스|극한직업
엄지혜,,,배우,극한직업
임유란,,,배우,가장 보통의 연애|극한직업
장지웅,,,배우,극한직업|해적: 바다로 간 산적|타선
배정선,,,배우,극한직업
정인기,,,배우,극한직업
김윤환,,,배급진행,진범|0.0MHz|걸캅스|사바하|극한직업|썬키스 패밀리
김윤지,,,제작팀,담보|시동|82년생 김지영|비스트|나의 특별한 형제|극한직업|언더독|침묵|청년경찰|저스트 프렌즈|생일
최신득,,,배우,극한직업
김윤배,,,배우,수색자|뺑반|극한직업
이두일,,,배우,극한직업
최광원,,,배우,디스 아메리카노|더스트맨|극한직업|청년경찰
정윤회,,,배우,극한직업
윤설,,,배우,극한직업
신신애,SIN Sin-ae,SIN Sin-ae,배우,국도극장|국도극장: 감독판|극한직업|미운오리새끼|내 사랑 내 곁에|행복|봄날은 간다|조폭마누라|신혼여행(身魂旅行)|내 마음의 풍금|산부인과|로맨스 황제
정유경,,,의상팀,극한직업
정원창,JUNG Won-chang,JUNG Won-chang,배우,샤크 : 더 비기닝|미드나이트|0.0MHz|극한직업|내안의 그놈|검은 여름|아이 캔 스피크
정신영,,,액션/스턴트팀,극한직업
조현숙,,,배우,극한직업|인어 공주
한인수,,,소품팀,극한직업
김천,,,배우,극한직업
한석범,,,VFX 매니지먼트,배심원들|돈|극한직업|명당|공작
이범찬,,,배우,극한직업|내안의 그놈
이민희,,,특수분장,사자|뺑반|극한직업
김용욱,,,소품팀,극한직업|인랑|마약왕|인천상륙작전|탐정 홍길동: 사라진 마을|암살|국제시장|용의자|감기|마이 웨이
임정묵,,,배우,극한직업
한동희,,,배우,더스트맨|럭키 몬스터|얼굴없는 보스: 못다한 이야기 감독판|아내를 죽였다|얼굴없는 보스|귀신의 향기|어린 의뢰인|극한직업|마약왕|티끌모아 로맨스
정세훈,,,세트팀,내가 죽던 날|극한직업
이하늬,,,배우,드림(가제)|극한직업
정성훈,,,배우,광대들: 풍문조작단|극한직업
김하람,,,액션/스턴트팀,이웃사촌|뺑반|극한직업|인랑
이희경,,,메이킹필름,증인|극한직업|리벤져|국가부도의 날|성난황소|명당|협상|마녀|여중생A|탐정: 리턴즈|7년의 밤|독전|바람 바람 바람|지금 만나러 갑니다|염력|남한산성
채서원,,,액션/스턴트팀,극한직업
김영석,,,특수촬영,극한직업|미쓰 와이프
정재은,,,VFX 매니지먼트,배심원들|돈|극한직업
이효섭,,,음악 믹싱/레코딩,아픈 만큼 사랑한다|극한직업|재심
이홍기,,,제작팀,싱크홀|시동|82년생 김지영|악인전|악질경찰|극한직업|창궐|협상|신과함께-인과 연|신과함께-죄와 벌|침묵|대장 김창수|택시운전사|불한당: 나쁜 놈들의 세상|아가씨|아가씨(확장판)|우리 연애의 이력|위험한 상견례 2|격세지감
김열회,KIM Yeol-hoe,KIM Yeol-hoe,DI팀,"미션 파서블|카센타|왓칭|자전차왕 엄복동|극한직업|내안의 그놈|리벤져|여곡성|동네사람들|원더풀 고스트|양아치 느와르|치즈인더트랩|그것만이 내 세상|채비|여배우는 오늘도|로마의 휴일|왕을 참하라|그대 이름은 장미|마차 타고 고래고래|아빠는 딸|루시드 드림|그래, 가족|올레|사냥|가을 우체국|우주의 크리스마스|캠핑|널 기다리며|좋아해줘|치외법권|마님|사랑이 이긴다|경성학교: 사라진 소녀들|스물|고양이 장례식|레쓰링|픽업 아티스트|황제를 위하여|애비|아빠를 빌려드립니다|보호자|완전 소중한 사랑|소녀|노브레싱|은밀하게 위대하게|세계일주|여배우는 너무해|연애의 온도|박수건달|음치 클리닉 |강철대오:구국의 철가방|바람과 함께 사라지다|가비|나쁜 피|태어나서 미안해|원더풀 라디오|퍼펙트 게임|결정적 한방|사물의 비밀|의뢰인|블라인드|기생령|화이트: 저주의 멜로디|위험한 상견례|사랑이 무서워|모피를 입은 비너스|무산일기|그대를 사랑합니다|이층의 악당|두 여자|소와 함께 여행하는 법|방가? 방가!|블러디쉐이크|반가운 살인자|무법자|카페 느와르|패밀리마트|계몽영화|폭풍전야|바람|청담보살|귀향|킬 미|여행자|불신지옥|10억|해운대|킹콩을 들다|보트|인사동 스캔들|실종|작전|키친|감자심포니|날아라 펭귄|차우|약탈자들|똥파리|핸드폰|미안하다 독도야|쌍화점|로맨틱 아일랜드|1724 기방난동사건|순정만화|미인도|멋진 하루|울학교 이티|아기와 나|가루지기|추격자|지금, 이대로가 좋아요|소년감독|트럭|마이 뉴 파트너|대한이, 민국씨|라듸오 데이즈|내 사랑 유리에|더 게임|어린 왕자|무방비도시|기다리다 미쳐|내 사랑|용의주도 미스신|열한번째 엄마|마을금고 연쇄습격사건|세븐 데이즈|경계|첫눈|펀치레이디|바르게 살자|어머니는 죽지 않는다|권순분여사 납치사건|브라보 마이 라이프|사랑방 선수와 어머니|챔피언 마빡이|해부학 교실|열세살 수아|이대근 이 댁은|아들|극락도 살인사건|이장과 군수|좋지 아니한가|1번가의 기적|마파도2|우리에게 내일은 없다|눈부신 날에|포도나무를 베어라|마강호텔|오래된 정원|올드미스다이어리|미녀는 괴로워|해바라기|사랑 따윈 필요 없어|열혈남아|가을로|거룩한 계보|타짜|무도리|두뇌유희프로젝트, 퍼즐|우리들의 행복한 시간|뚝방전설|천하장사 마돈나|각설탕|플라이 대디|파이스토리|비열한 거리|구타유발자들|호로비츠를 위하여|연애술사|까불지마|내 머리 속의 지우개|바람의 파이터|신부수업|바람의 전설|어린 신부|언니|새끼손가락|니마|진주는 공부중|유.앤.미|달리는 차은|이웃집 좀비|별별 이야기 2-여섯 빛깔 무지개"
정상빈,,,VFX 아티스트,극한직업
진선규,JIN Seon-kyu,JIN Seon-kyu,배우,"태일이|공조2:인터내셔날|승리호|카운트|퍼펙트맨|롱 리브 더 킹: 목포 영웅|로망|암전|돈|사바하|극한직업|동네사람들|암수살인|범죄도시|특별시민|극적인 하룻밤|도리화가|찌라시: 위험한 소문|관능의 법칙|개들의 전쟁|아부의 왕|화차|풍산개|마마|좋은 놈, 나쁜 놈, 이상한 놈 |쏘 쏘리 "
구성환,,,배우,극한직업
최창훈,,,제작팀,강철비2: 정상회담|82년생 김지영|유열의 음악앨범|변신|극한직업|안시성|살인소설|올레|졸업
이광기,,,배우,광대들: 풍문조작단|봉오동 전투|엑시트|롱 리브 더 킹: 목포 영웅|걸캅스|극한직업|말모이|PMC: 더 벙커|도어락|성난황소|동네사람들|원더풀 고스트|인랑|마약왕|공작|신과함께-인과 연|일진|염력|강철비|반드시 잡는다|7호실|남한산성|악녀|대립군|원라인|조작된 도시|목숨 건 연애|아수라|밀정|부산행|난폭한 기록|잡아야 산다|대호|더 폰|성난 변호사|암살|권법형사 : 차이나타운|성난 화가|은밀한 유혹|순수의 시대|어우동: 주인 없는 꽃|내 심장을 쏴라|기술자들|신의 한 수|군도: 민란의 시대|화이: 괴물을 삼킨 아이|감기|파파로티|스톤|마이 라띠마|신세계|베를린|내가 살인범이다|이웃사람|미쓰GO|가비|범죄와의 전쟁: 나쁜놈들 전성시대|마이 웨이|카운트다운|푸른소금|황해
임정태,,,투자,담보|서복|사바하|극한직업
임은정,,,투자,연애 빠진 로맨스|방법: 재차의|서복|엑시트|사바하|극한직업
고관형,,,배우,극한직업
김준호,,,소품팀,보이스|생일|극한직업
고경진,,,배우,극한직업
이경원,,,메이킹필름,사바하|증인|뺑반|극한직업|리벤져|국가부도의 날|성난황소|협상|명당|마녀|탐정: 리턴즈|7년의 밤|독전|염력
정병원,,,VFX 슈퍼바이저,"악질경찰|극한직업|점박이 한반도의 공룡2 : 새로운 낙원|인랑|버닝|살인소설|골든슬럼버|시인의 사랑|임금님의 사건수첩|고산자, 대동여지도|시간이탈자|해운대|구타유발자들|국경의 남쪽|여고괴담 4 : 목소리"
이건우,,,조명팀,극한직업|돌아와요 부산항애(愛)|된장
김주환,,,VFX 아티스트,서복|죽지않는 인간들의 밤|극한직업|여곡성|물괴|강철비|보안관|루시드 드림|판도라|가려진 시간|덕혜옹주|궁합
이하윤,,,분장팀,극한직업|공작|군함도|나의 먼 가족
윤혜인,,,의상팀,내가 죽던 날|죽지않는 인간들의 밤|버티고|걸캅스|극한직업|출국|뷰티풀 뱀파이어|암수살인|아이 캔 스피크|장산범|그대 이름은 장미|분노의 윤리학|회사원|특수본|멋진 인생|해결사|용서는 없다
윤형철,,,조명팀,봉오동 전투|극한직업|리벤져|창궐|반드시 잡는다|봉이 김선달|시간이탈자|기술자들|마담 뺑덕
이진호,,,VFX 아티스트,자전차왕 엄복동|극한직업|성난황소|안시성|마약왕|곤지암|기억의 밤|유리정원|범죄도시|인천상륙작전|희생부활자|7공주 대리운전
정다은,,,배급진행,엑시트|기생충|걸캅스|사바하|극한직업
윤한나,,,소품팀,봉오동 전투|극한직업
조정래,,,미술팀,악질경찰|극한직업
정다운,,,음악진행,극한직업
이창호,,,투자,극한직업
이순규,,,투자,극한직업
최정은,,,배우,흥부: 글로 세상을 바꾼 자|2019 제2회 대한민국패럴스마트폰영화제 섹션A
전창희,,,세트팀,방법: 재차의|내가 죽던 날|극한직업
조유신,,,특수촬영,왓칭|극한직업
최은진,,,촬영팀,"죽지않는 인간들의 밤|봉오동 전투|생일|극한직업|마녀|골든슬럼버|염력|대립군|어느날|고산자, 대동여지도|인천상륙작전|위험한 상견례 2|순수의 시대|장수상회|마이너클럽|픽업 아티스트"
전제관,,,특수분장,사자|뺑반|극한직업
김수환,,,음악,극한직업
김수환,,,제작팀,모가디슈|더블패티|시동|봉오동 전투|뺑반|극한직업|창궐|어른도감|신과함께-인과 연|수색역|터널 3D
전예진,,,제작팀,방법: 재차의|최면|백두산|우상|돈|극한직업|국가부도의 날|인랑|독전|그것만이 내 세상|강철비|침묵|범죄도시|특별시민|공조|사냥|검은 사제들|빅매치
김정환,,,연출팀,극한직업
김경훈,,,조명,극한직업|동갑내기 엄마|옆집소녀2|두처제2|엄마의 맛|이채담의 지스팟|정사-두자매|3분 파트너|처제의 유혹|사슬 - 두 여자의 유혹|옆집소녀|내 남편의 가정교사|처제의 꿈|두처제|캘린더걸|기억의 재구성
최윤석,,,조명팀,극한직업
김홍목,,,촬영팀,장사리 : 잊혀진 영웅들|나의 특별한 형제|생일|극한직업|마녀|치즈인더트랩|기억의 밤|브이아이피|하루|곡성|성난 변호사|살인의뢰|패션왕|해적: 바다로 간 산적|돼지 같은 여자|미나문방구|7번방의 선물|네버엔딩 스토리|특수본|투혼|심장이 뛴다|파괴된 사나이|서울|평행이론|킬 미|킹콩을 들다|미인도|형사 Duelist
김혜영,,,조감독,극한직업|바람 바람 바람|특종: 량첸살인기|스물|시선|코알라|연애의 온도|공모자들
이지은,,,사운드팀,극한직업
권태호,,,액션/스턴트팀,반도|천문: 하늘에 묻는다|백두산|시동|나쁜 녀석들: 더 무비|오만|봉오동 전투|걸캅스|뺑반|극한직업|성난황소|창궐|신과함께-인과 연|파파로티|공모자들|도둑들
최예린,,,VFX 아티스트,극한직업
정현준,,,케이블맨,"어쩌다, 결혼|극한직업|흥부: 글로 세상을 바꾼 자"
허재영,,,제작팀,내일의 기억|이웃사촌|담보|제인의 썸머|두번할까요|롱 리브 더 킹: 목포 영웅|우상|극한직업|암수살인|강철비|퀴즈왕
김재상,,,VFX 아티스트,담보|악인전|돈|기묘한 가족|극한직업|말모이|창궐|지금 만나러 갑니다|그것만이 내 세상|청년경찰|택시운전사|루시드 드림|공조
김현호,,,제작팀,백두산|두번할까요|극한직업|스윙키즈|협상|상류사회|신과함께-인과 연|신과함께-죄와 벌|나를 잊지 말아요|나의 독재자|좋지 아니한가|엄마|챔피언
허민회,,,투자,기생충|사바하|극한직업
이주희,,,VFX 아티스트,극한직업
이서윤,,,제작,모가디슈|백두산|극한직업
임지현,,,VFX 아티스트,극한직업
임태우,,,특수분장,다만 악에서 구하소서|사자|뺑반|극한직업
정지훈,,,음악진행,미션 파서블|오! 문희|극한직업
임현주,,,홍보/마케팅 진행,걸캅스|극한직업
장대광,,,제작팀,인질|유열의 음악앨범|뺑반|극한직업|언니|암수살인|로마의 휴일
이종건,,,미술/프로덕션 디자인,"봉오동 전투|악질경찰|극한직업|살인자의 기억법|로봇, 소리|도리화가|살인재능|빅매치|용의자|파파|풍산개|무적자|가루지기|지금 사랑하는 사람과 살고 있습니까?|이장과 군수|첫사랑 사수 궐기 대회"
이상진,,,투자,사바하|극한직업|말모이|내안의 그놈
김의성,KIM Eui-sung,KIM Eui-sung,배우,"외계+인|세자매|특송|자산어보|나의 촛불|돌멩이|어쩌다, 결혼|극한직업|창궐|도청(가제)|골든슬럼버|강철비|부산행:익스텐디드|더 킹|당신자신과 당신의 것|춘몽|부산행|탐욕의 별|내부자들: 디 오리지널|극적인 하룻밤|내부자들|검은 사제들|특종: 량첸살인기|암살|오피스|스물|살인의뢰|빅매치|소수의견|자유의 언덕|찌라시: 위험한 소문|용의자|관상|런닝맨|누구의 딸도 아닌 해원|26년|남영동1985|건축학개론|북촌방향|주노명 베이커리|억수탕(3pm Paradise)|바리케이드|돼지가 우물에 빠진 날|진짜 사나이|무소의 뿔처럼 혼자서 가라|엄마에게 애인이 생겼어요|네온 속으로 노을지다|불편한 동행|겨울의 피아니스트"
정인희,,,프로듀서,엑시트|기생충|걸캅스|사바하|극한직업
이정욱,,,조명팀,극한직업
이정아,,,음악진행,극한직업
김현미,,,소품팀,극한직업
김수정,,,VFX 아티스트,극한직업
김수영,,,홍보/마케팅 진행,극한직업
윤세현,,,액션/스턴트팀,돈|극한직업|PMC: 더 벙커|동네사람들|원더풀 고스트|인랑|마약왕|공작|신과함께-인과 연|골든슬럼버|염력|강철비|기억의 밤|7호실|미옥|남한산성|범죄도시|군함도|대립군|불한당: 나쁜 놈들의 세상|원라인|프리즌|마스터|스플릿|밀정|부산행
온세웅,ON Se-ung,ON Se-ung,동시녹음,"어쩌다, 결혼|극한직업|이월|바람 바람 바람|흥부: 글로 세상을 바꾼 자|그대 이름은 장미|리얼|보안관|프리즌|다른 길이 있다|날, 보러와요|번개맨|나를 잊지 말아요|조선마술사|오피스|터널 3D|막걸스|피끓는 청춘|화려한 외출|동창생|숨바꼭질|은밀하게 위대하게|힘내세요, 병헌씨|26년|R2B: 리턴투베이스|나는 왕이로소이다|가시|고양이: 죽음을 보는 두 개의 눈|고래를 찾는 자전거|혜화, 동|젓가락|부당거래|끝과 시작|식객2 : 김치전쟁|여자 없는 세상|귀향|마지막 선물|그놈 목소리|가을로|썬데이 서울|천군|여선생 VS 여제자|생활의 발견|이빨 두 개|소녀가 사라졌다"
옥지현,,,제작,극한직업
옥소담,,,VFX 매니지먼트,극한직업
김성재,,,기획진행,극한직업
오형균,,,제작팀,방법: 재차의|담보|극한직업|성난 변호사|장수상회
김성원,,,VFX 아티스트,이웃사촌|극한직업
김성우,,,배우,범털 2: 쩐의 전쟁|7월7일|강철비2: 정상회담|버티고|0.0MHz|극한직업|바람 바람 바람|인어전설|태풍태양
김선화,,,제작팀,신의 한 수: 귀수편|극한직업
성은지,,,프로듀서,사바하|극한직업
김석희,,,VFX 매니지먼트,극한직업
김강현,KIM Kang-hyun,KIM Kang-hyun,배우,썰|어른들은 몰라요|소리꾼|재혼의 기술|엑시트|돈|극한직업|레슬러|게스트하우스|부라더|청년경찰|형|어떻게 헤어질까|꿈보다 해몽|나의 독재자|슬로우 비디오|제보자|끝까지 간다|관상|마이 라띠마|연애의 온도|헤드|핸드폰
오병욱,,,온라인마케팅,"보이스|방법: 재차의|발신제한|다만 악에서 구하소서|백두산|신의 한 수: 귀수편|광대들: 풍문조작단|엑시트|기생충|극한직업|PMC: 더 벙커|협상|탐정: 리턴즈|7년의 밤|공작|챔피언|골든슬럼버|그것만이 내 세상|1987|침묵|남한산성|군함도|불한당: 나쁜 놈들의 세상|임금님의 사건수첩|조작된 도시|공조|마스터|형|아수라|고산자, 대동여지도|인천상륙작전|아가씨|탐정 홍길동: 사라진 마을|궁합|미씽: 사라진 여자|비밀은 없다|시간이탈자|좋아해줘|나를 잊지 말아요|히말라야|도리화가|검은 사제들|탐정 : 더 비기닝|은밀한 유혹|악의 연대기|순수의 시대|베테랑|손님|국제시장|명량|찌라시: 위험한 소문|집으로 가는 길|열한시|고령화 가족|스파이|더 웹툰: 예고살인|청연|소년, 천국에 가다|역전의 명수|바람의 파이터"
유해민,,,소품팀,극한직업
유지현,,,아트디렉터,미드나이트|극한직업|바람 바람 바람|살인자의 기억법|비정규직 특수요원|여자전쟁: 여자의 이유|여자전쟁: 이사 온 남자|죽여주는 여자|여자전쟁: 봉천동 혈투|여자전쟁: 비열한 거래|여자전쟁: 떠도는 눈|쓰리 썸머 나잇|몬스터|오싹한 연애|사물의 비밀|이층의 악당|해결사|백야행|GP 506|마강호텔
유재원,,,특수분장,다만 악에서 구하소서|사자|뺑반|극한직업
김병훈,,,소품팀,극한직업
김병호,,,배우,극한직업
양준혁,,,조명팀,"얼굴없는 보스: 못다한 이야기 감독판|얼굴없는 보스|항거:유관순 이야기|극한직업|리벤져|창궐|식구|그날, 바다|죄 많은 소녀|바람 바람 바람|서서평, 천천히 평온하게|시간이탈자|기술자들|하이힐|용의자|완전 소중한 사랑|은밀하게 위대하게|공모자들|퍼펙트 게임|의뢰인|마이 블랙 미니드레스|로맨틱 헤븐|아이들...|이층의 악당|퀴즈왕|시|시크릿|우리 집에 왜 왔니|추격자|두 사람이다|썸|실미도"
김병국,,,특수촬영,기적|자산어보|극한직업|쓰리 썸머 나잇|가시
김백표,,,제작팀,극한직업
유미진,,,액션/스턴트팀,반도|시동|기생충|걸캅스|미성년|돈|뺑반|극한직업|도어락|국가부도의 날|죄 많은 소녀|골든슬럼버|염력|강철비|반드시 잡는다|브이아이피|군함도|악녀|대립군|조작된 도시|부산행|순수의 시대|돼지 같은 여자|군도: 민란의 시대|화이: 괴물을 삼킨 아이|가비|마이 웨이|푸른소금
양영민,,,세트미술팀,봉오동 전투|극한직업
김민주,,,배급진행,극한직업
김주상,,,제작팀,방법: 재차의|발신제한|소년들|극한직업|시간이탈자|장수상회|방황하는 칼날|집으로 가는 길
박하미2,,,투자,극한직업
이진은,LEE Jin-eun,LEE Jin-eun,프로듀서,연애 빠진 로맨스|방법: 재차의|발신제한|서복|극한직업|시간이탈자|장수상회|방황하는 칼날|집으로 가는 길|파파|오싹한 연애|청춘그루브|마음이...|청춘만화|아는 여자|스캔들-조선남녀상열지사|복수는 나의 것|와니와 준하|내 나이키
오정미,,,VFX 매니지먼트,극한직업|여곡성|물괴|강철비|보안관
박근호,,,VFX 아티스트,극한직업|여곡성|물괴|강철비|보안관
황하늬,,,VFX 아티스트,모가디슈|극한직업|성난황소|마약왕|물괴|대장 김창수|남한산성|군함도|박열|다른 길이 있다|서부전선|해적: 바다로 간 산적|피크닉|미스터 고|환상속의 그대|강철대오:구국의 철가방
이경환10,,,음악,극한직업
전대길,,,VFX 아티스트,극한직업|여곡성|물괴|강철비|보안관|루시드 드림|판도라|가려진 시간|덕혜옹주|궁합|우주의 크리스마스|검사외전|나를 잊지 말아요|도리화가|내부자들|돌연변이|은밀한 유혹|국제시장|나의 사랑 나의 신부|표적|군도: 민란의 시대|만신|남자가 사랑할 때|화이: 괴물을 삼킨 아이|감기|설국열차|은밀하게 위대하게|런닝맨|뒷담화: 감독이 미쳤어요|베를린|간첩|하울링|챔프|전우치|마더|박쥐|청출어람
천상기,,,VFX 아티스트,"죽지않는 인간들의 밤|극한직업|여곡성|물괴|강철비|원라인|마스터|곡성|로봇, 소리|오빠생각|나를 잊지 말아요|도리화가|내부자들|돌연변이|탐정 : 더 비기닝|은밀한 유혹|국제시장|나의 사랑 나의 신부|소수의견|찌라시: 위험한 소문|수상한 그녀|감시자들|이별계약|몽타주|스파이|용의자X|광해, 왕이 된 남자|5백만불의 사나이|차형사|오싹한 연애|티끌모아 로맨스|커플즈|완득이|퀵"
전용준3,,,음악,극한직업
문예진2,,,음악,극한직업
김근모2,,,음악,극한직업
조현구2,,,분장,극한직업
조상곤,,,분장팀,극한직업|내부자들
전세나,,,헤어팀,퍼펙트맨|극한직업|스윙키즈|협상|꾼|형|사냥|대역전|마담 뺑덕|닥터|태풍태양|몽정기2
성두현2,,,미술팀,극한직업
김하민,,,조명팀,극한직업|동네사람들|선 섹스 후 사랑 |임금님의 사건수첩|엔조이닷컴|지렁이|알바생들|늙은 자전거|약장수
엄이랑,UM Yi-rang,UM Yi-rang,감독,극한직업|사랑은 가위바위보
상희영,,,촬영팀,아워 바디|극한직업|리벤져|심장박동 조작극|검사외전|고백할 수 없는|파일 : 4022일의 사육|오피스|동창생|코알라|노크|세상에 믿을 놈 없다
백상일,,,연출팀,"힘을 내요, 미스터 리|극한직업|바람 바람 바람|리얼|미안해 사랑해 고마워|탐정 : 더 비기닝|소녀괴담|바세코의 아이들|동창생"
정수윤,,,제작팀,극한직업|신과함께-인과 연|신과함께-죄와 벌|부산행|사냥|성난 변호사|나의 독재자|명량
서형욱,,,제작팀,극한직업|버닝
신일용,,,제작팀,오케이 마담|백두산|극한직업|신과함께-인과 연|지금 만나러 갑니다|신과함께-죄와 벌|부산행
송승민7,,,투자,극한직업
노승보,,,촬영,"극한직업|바람 바람 바람|스물|완전 소중한 사랑|코알라|힘내세요, 병헌씨|연애의 온도|마을금고 연쇄습격사건|브라보 마이 라이프|기담|사랑하니까, 괜찮아|투사부일체|남극일기|하류인생|맹부삼천지교|국화꽃 향기|울랄라씨스터즈|번지점프를 하다|세상에 믿을 놈 없다"
신현필,,,음악진행,싱크홀|강철비2: 정상회담|우상|극한직업
신하균,SHIN Ha-kyun,SHIN Ha-kyun,배우,앵커|선물|미스터 주: 사라진 VIP|나의 특별한 형제|극한직업|바람 바람 바람|7호실|악녀|올레|순수의 시대|순수의 시대 무삭제편|빅매치|런닝맨|퍼스트 포지션|고지전|페스티발|카페 느와르|박쥐|더 게임|예의없는 것들|박수칠 때 떠나라|웰컴 투 동막골|우리 형|화성으로 간 사나이|지구를 지켜라|서프라이즈|복수는 나의 것|킬러들의 수다|공동경비구역 JSA|커밍 아웃|간첩 리철진|기막힌 사내들|나와 통하는 다음검색 : 털|묻지마 패밀리
신지혜,,,프로듀서,엑시트|기생충|걸캅스|사바하|극한직업
변자영,,,VFX 아티스트,자전차왕 엄복동|극한직업|성난황소|마약왕|기억의 밤|범죄도시|가려진 시간|비상|달려라 자전거|슈퍼맨이었던 사나이
김명구,,,스테디캠,극한직업
배세권,,,조명장비,인질|담보|변신|항거:유관순 이야기|극한직업|창궐|행복의 나라|치즈인더트랩|조선명탐정: 흡혈괴마의 비밀|브이아이피|석조저택 살인사건|머니백|살인자의 기억법|올리고당 더 무비|조작된 도시|마스터|판도라|대역전|지렁이|비밀은 없다|시간이탈자|좋아해줘|오빠생각|도리화가|살인의뢰|헬머니|내 심장을 쏴라|기술자들|봄|패션왕|해적: 바다로 간 산적|표적|군도: 민란의 시대|친구 2|히어로|은밀하게 위대하게|몽타주|남자사용설명서|남쪽으로 튀어|공모자들|두 개의 달|범죄와의 전쟁: 나쁜놈들 전성시대|완득이|투혼|통증|블라인드|마이 블랙 미니드레스|나는 아빠다|조선명탐정 : 각시투구꽃의 비밀|황해|이층의 악당|해결사|고死 두 번째 이야기: 교생실습|파괴된 사나이|친정엄마|무법자|서서 자는 나무|평행이론|하모니|주유소 습격사건 2|부산|해운대|여고괴담 5|거북이 달린다|키친|쌍화점|로맨틱 아일랜드|1724 기방난동사건|초감각 커플|당신이 잠든 사이에|무림여대생|강철중: 공공의 적 1-1|비스티 보이즈|슈퍼맨이었던 사나이|내 사랑|궁녀|지금 사랑하는 사람과 살고 있습니까?|사랑방 선수와 어머니|복면달호|그놈 목소리|허브|누가 그녀와 잤을까?|가을로|폭력써클|내 청춘에게 고함|한반도|아랑|도마뱀|구세주|백만장자의 첫사랑|청연|B형 남자친구|어깨동무
배성민,,,투자,백두산|신의 한 수: 귀수편|엑시트|기생충|걸캅스|사바하|극한직업
방옥경,,,투자,극한직업
김동현,,,그립,극한직업|바람 바람 바람|보통사람
김동하,,,투자,보이스|극한직업
송덕진,,,스테디캠,제인의 썸머|극한직업
박진영,,,촬영팀,럭키 몬스터|극한직업|리벤져|포항|고백할 수 없는|플랑크 상수|해적: 바다로 간 산적|우아한 거짓말
박진아,,,배우,보이스|극한직업|내안의 그놈|그랜드파더|보랏빛 하늘
김대성,KIM Dae-seong,KIM Dae-seong,카메라오퍼레이터,극한직업|리벤져|대역전|마담 뺑덕|하이힐|용의자|차이나 블루|바람과 함께 사라지다|미운오리새끼|페이스메이커|의뢰인|통증|최종병기 활|황해|시크릿|백야행|멋진 하루|추격자|이브의 유혹 - 그녀만의 테크닉|아들|아주 특별한 손님|거룩한 계보|국경의 남쪽|홀리데이|야수와 미녀|웰컴 투 동막골|누구나 비밀은 있다|라이어|국화꽃 향기|해안선|번지점프를 하다
손민정,,,제작회계,시동|극한직업
김기영,,,VFX 아티스트,극한직업
서영희,SEO Young-hee,SEO Young-hee,기획,극한직업|성난 변호사|방황하는 칼날|집으로 가는 길|용의자X|R2B: 리턴투베이스|써니|내 남자의 로맨스|죽어도 좋아|오버 더 레인보우|집으로...|마리이야기|휴머니스트
김권식,,,제작,방법: 재차의|발신제한|담보|서복|사바하|극한직업|협상
서민우,,,액션/스턴트팀,"방법: 재차의|얼굴없는 보스: 못다한 이야기 감독판|얼굴없는 보스|나쁜 녀석들: 더 무비|광대들: 풍문조작단|봉오동 전투|엑시트|기생충|악인전|어쩌다, 결혼|항거:유관순 이야기|뺑반|극한직업|PMC: 더 벙커|스윙키즈|성난황소|인랑|마약왕|공작|신과함께-인과 연|염력|강철비|기억의 밤|범죄도시|남한산성|군함도|대립군|불한당: 나쁜 놈들의 세상"
박윤수,,,현장편집,극한직업|내안의 그놈|언니|곤지암|석조저택 살인사건|휴게소|빅매치|소수의견|하이힐
김가빈,,,배우,어른들은 몰라요|스토커|기묘한 가족|극한직업
박시종,PARK Si-jong,PARK Si-jong,소품,생일|자전차왕 엄복동|극한직업|버닝|공작|대장 김창수|보통사람|역모-반란의 시대|나의 절친 악당들|극비수사|장수상회|그해 여름|타짜
박수정,,,미술팀,봉오동 전투|악질경찰|극한직업|살인자의 기억법|암살|두근두근 내 인생|인간중독|용의자|배우는 배우다|런닝맨|늑대소년|시체가 돌아왔다|써니|피아노 치는 대통령
권수연,,,미술팀,봉오동 전투|악질경찰|극한직업|국가대표 2|아가씨|암살|국제시장|인간중독|런닝맨|돈의 맛|의뢰인|시라노; 연애조작단
박성찬,,,조명,항거:유관순 이야기|극한직업|리벤져|성난황소|창궐|바람 바람 바람|살인자의 기억법|대역전|시간이탈자|마담 뺑덕|스케치
마재율,,,VFX 매니지먼트,배심원들|돈|극한직업
강정훈,GANG Jeong-hun,GANG Jeong-hun,소품팀,"싱크홀|검객|반도|나랏말싸미|생일|기묘한 가족|극한직업|창궐|7년의 밤|염력|대장 김창수|남한산성|섬. 사라진 사람들|동주|로봇, 소리|도리화가|허삼관|건축학개론|마이 블랙 미니드레스|황해|죽이고 싶은|의형제|거북이 달린다|아내가 결혼했다|모던보이|이장과 군수|마파도2|조용한 세상|음란서생|새드무비|혈의 누|내 여자친구를 소개합니다|...ing|살인의 추억"
남나영,NAM Na-young,NAM Na-young,편집,"악질경찰|증인|극한직업|스윙키즈|바람 바람 바람|지금 만나러 갑니다|신과함께-죄와 벌|남한산성|덕혜옹주|탐정 홍길동: 사라진 마을|궁합|로봇, 소리|오빠생각|탐정 : 더 비기닝|스물|상의원|나의 독재자|타짜-신의 손|우는 남자|방황하는 칼날|우아한 거짓말|수상한 그녀|감기|힘내세요, 병헌씨|런닝맨|늑대소년-확장판|내가 살인범이다|늑대소년|회사원|광해, 왕이 된 남자|가비|완득이|오직 그대만|써니|쩨쩨한 로맨스|페스티발|악마를 보았다|죽이고 싶은|의형제|친구사이?|마더|인사동 스캔들|그림자 살인|김씨표류기|과속스캔들|좋은 놈, 나쁜 놈, 이상한 놈 |좋은 놈, 나쁜 놈, 이상한 놈(칸버전)|다찌마와리|마지막 선물|두 얼굴의 여친|사랑방 선수와 어머니|검은 집|황진이|중천|가문의 부활 - 가문의 영광3|천하장사 마돈나|짝패|구세주|Mr. 총알|무영검|연애술사|주먹이 운다(Crying Fist)|몽정기2|신석기 블루스|썸|가족|알포인트|인형사|아라한 장풍대작전|영어완전정복|나비|몽정기|로드무비|성냥팔이 소녀의 재림|폰|긴급조치 19호|취화선|낙타(들)|두사부일체|라이방|고양이를 부탁해|무사|선물|번지점프를 하다|눈물|새는 폐곡선을 그린다|햇살 쏟아지던 날|소녀가 사라졌다|얼굴값|인류멸망 보고서|인류 멸망 보고서 '해피 버스 데이'"
박근영,,,미술팀,나의 특별한 형제|극한직업|덕구|그대 이름은 장미|살인자의 기억법|좋아해줘|함정|인간중독|레드카펫
나철,NA Chul,NA Chul,배우,싱크홀|유열의 음악앨범|뺑반|극한직업|1987|신과함께-죄와 벌|메이드 인 차이나|팡뜨|청춘과부|러브레따|타이레놀
박가은,,,배급진행,사바하|극한직업
김수준,,,음악진행,극한직업
구교진,,,음악진행,극한직업
이명건,,,음악진행,극한직업
조신일,,,음악진행,극한직업
박찬힘,,,음악진행,극한직업
박두호,,,음악진행,극한직업
이규재,,,음악진행,극한직업
박왕수,,,특수분장,극한직업
허다중,,,각색,극한직업
홍완표,HONG Wan-pyo,HONG Wan-pyo,배우,"카오산 탱고|드림(가제)|극한직업|명당|택시운전사|사월의 끝|여교사|선지자의 밤|스물|두근두근 내 인생|썸남썸녀|힘내세요, 병헌씨|살인의 강"
안이슬,,,프로듀서,방법: 재차의|극한직업
빈희주,,,투자,방법: 재차의|극한직업
두력,,,폴리,극한직업
주지문,,,의상팀,극한직업
이기송,,,조명팀,극한직업
탁대희,,,조명팀,얼굴없는 보스: 못다한 이야기 감독판|얼굴없는 보스|극한직업
최대인,,,조명팀,극한직업
김독웅,,,특수촬영,극한직업
이종석,LEE Jong-seok,LEE Jong-seok,프로듀서,드림(가제)|앵커|첫잔처럼|차인표|극한직업|머니백|치명도수: RESET|쓰리 썸머 나잇|타짜-신의 손|깡철이|반창꼬|코리아|간기남|써니|해결사|용서는 없다|로니를 찾아서|과속스캔들|전투의 매너|색다른 동거|허밍|최강로맨스|청출어람|무서운 이야기 2 '절벽'
장진희,JANG Jin-hee,JANG Jin-hee,배우,럭키 몬스터|계절과 계절 사이|극한직업|내안의 그놈|포크레인|행복
이지애,,,소품팀,롱 리브 더 킹: 목포 영웅|기묘한 가족|극한직업|창궐|염력|대장 김창수|남한산성|보안관
김솔비,KIM Sol-bi,KIM Sol-bi,연출팀,장르만 로맨스|극한직업|허스토리|챔피언|바람 바람 바람|미옥|하루|그랜드파더|사냥|시간이탈자|특종: 량첸살인기|코인라커|베테랑|살인의뢰|우리는 형제입니다|슬로우 비디오|하이힐|은밀하게 위대하게|마이 블랙 미니드레스|마이 로맨스|시간의 향기|복싱맘|Music is my life
김명준,KIM Myung-jun,KIM Myung-jun,배우,"용루각: 비정도시|어쩌다, 결혼|극한직업|안시성|바람 바람 바람|글로리데이"
한준우,HAN Joon-woo,HAN Joon-woo,배우,한강에게|극한직업|1987|스물|강남 1970|타짜-신의 손
양현민,YANG Hyun-min,YANG Hyun-min,배우,"방법: 재차의|드림(가제)|오케이 마담|봉오동 전투|대무가: 한과 흥|극한직업|박화영|홈|레슬러|공작|챔피언|바람 바람 바람|불한당: 나쁜 놈들의 세상|그물|스물|썸남썸녀|힘내세요, 병헌씨|빈자리|대무가"
이병헌,LEE Byoung-heon,LEE Byoung-heon,감독,"귀여운 남자|드림(가제)|극한직업|레슬러|바람 바람 바람|스물|오늘의 연애|타짜-신의 손|힘내세요, 병헌씨|네버엔딩 스토리|써니|과속스캔들|냄새는 난다"
이덕렬,,,촬영팀,극한직업|리벤져|유리정원|1급기밀
김미혜,KIM Mi-hye,KIM Mi-hye,프로듀서,극한직업|리얼|파파|알포인트|피아노 치는 대통령
류승룡,RYU Seung-ryong,RYU Seung-ryong,배우,"장르만 로맨스|비광|정가네 목장(가제)|인생은 아름다워|자산어보|극한직업|7년의 밤|염력|제5열|서울역|도리화가|손님|리오 2|표적|명량|캡틴 하록|7번방의 선물|가디언즈|광해, 왕이 된 남자|내 아내의 모든 것|사랑오감|최종병기 활 감독확장판|최종병기 활|고지전|지구대표 롤링스타즈|아이들...|평양성|퀴즈왕|베스트셀러|된장|시크릿|불신지옥|열한번째 엄마|황진이|고마운 사람|다섯 개의 시선"
문충일,,,시나리오(각본),극한직업
